longitude,latitude,housing_median_age,total_rooms,total_bedrooms,population,households,median_income,median_house_value,ocean_proximity
-116.3383,37.2031,33,981,763,2157,327,71.7184,500000,INLAND
-123.3424,38.5783,17,489,244,647,367,79.1041,500000,NEAR BAY
-118.2182,37.0058,11,989,742,464,371,115.5183,500000,NEAR BAY
-119.4537,36.4186,35,2116,352,1160,529,85.1487,500000,NEAR BAY
-116.3665,37.1777,38,1802,693,2934,416,115.8521,500000,INLAND
-114.3268,41.0454,25,960,1680,594,720,92.7605,500000,INLAND
-116.8569,36.2624,26,1720,2000,2621,1032,97.7405,500000,<1H OCEAN
-115.6507,38.6015,25,902,1128,459,677,39.5697,500000,NEAR BAY
-119.2736,40.4226,31,1005,287,1245,431,18.7087,500000,<1H OCEAN
-120.564,38.4003,42,2812,703,1874,703,150.0,500000,<1H OCEAN
-117.8672,34.6476,37,2543,763,538,763,42.113,500000,INLAND
-116.8058,33.6586,15,1800,2000,1448,1080,84.7588,500000,INLAND
-122.0247,38.1133,13,2278,1139,1010,1139,29.149,500000,NEAR BAY
-119.2661,39.4103,35,1107,738,256,369,72.3083,500000,<1H OCEAN
-123.1621,39.803,33,3318,2000,103,1106,9.3522,253000,INLAND
-122.1365,39.0911,19,2637,329,593,989,31.7001,500000,<1H OCEAN
-115.4814,32.5328,43,459,459,2644,197,38.2269,500000,<1H OCEAN
-122.8527,39.8515,22,2994,921,228,691,53.5251,500000,INLAND
-116.1865,38.2439,18,600,375,1819,225,77.1537,500000,<1H OCEAN
-120.574,41.8877,29,2251,614,183,614,21.0331,500000,NEAR BAY
-117.6648,39.7636,10,437,101,833,101,60.2538,500000,<1H OCEAN
-115.1967,36.587,36,788,525,706,394,84.6551,500000,INLAND
-116.491,38.9234,46,2662,484,1255,726,150.0,500000,<1H OCEAN
-116.0406,38.3514,49,1463,798,2628,399,61.9645,500000,INLAND
-121.6885,35.7052,23,101,101,1531,61,30.7805,500000,<1H OCEAN
-120.6833,37.5685,14,826,165,150,496,18.9069,500000,<1H OCEAN
-116.9721,34.4416,25,896,448,591,672,121.5234,500000,INLAND
-116.5277,33.3344,6,2784,1237,1135,928,63.117,500000,<1H OCEAN
-116.3995,39.4637,35,755,412,1046,206,40.0208,500000,<1H OCEAN
-116.8989,36.1492,22,2192,598,2020,598,15.3435,500000,NEAR BAY
-121.9838,39.6793,7,648,648,1292,278,23.1936,500000,INLAND
-121.4091,37.1392,28,753,301,2628,226,59.227,500000,<1H OCEAN
-114.8796,40.193,37,190,253,958,190,50.1433,500000,INLAND
-118.7614,39.5263,12,3076,307,2404,923,12.6137,473900,<1H OCEAN
-116.7555,39.7592,21,2952,1845,442,1107,59.2729,500000,<1H OCEAN
-118.308,36.5786,46,3248,1624,3460,812,15.8239,500000,<1H OCEAN
-115.055,41.6312,37,2101,323,3454,485,91.3767,500000,<1H OCEAN
-115.6122,36.3499,41,3423,1521,1037,1141,45.9576,500000,INLAND
-121.6863,40.0349,23,1863,207,896,621,30.7083,500000,NEAR BAY
-115.4529,37.1511,26,2851,438,100,658,73.4553,500000,NEAR OCEAN
-121.2996,34.7333,26,1558,259,3418,779,50.1333,500000,NEAR BAY
-119.8902,38.4747,23,1069,1604,229,802,89.7961,500000,<1H OCEAN
-115.7877,36.9565,8,1640,1435,107,615,42.5581,500000,NEAR BAY
-121.0598,35.0087,3,1202,200,431,601,44.0743,500000,INLAND
-121.3923,36.1341,43,1245,691,1102,415,34.173,500000,<1H OCEAN
-117.6134,34.0194,28,3050,1386,3415,832,47.4827,500000,INLAND
-114.3032,41.8769,28,2194,1371,666,823,112.3204,500000,NEAR OCEAN
-122.9894,38.6102,31,1102,734,2038,551,29.9919,500000,INLAND
-117.2894,34.1487,22,2604,2000,2311,868,59.8211,500000,NEAR BAY
-119.0304,39.7636,46,485,69,2817,208,23.9105,500000,INLAND
-120.1938,38.2178,24,880,352,2477,528,11.7346,389500,<1H OCEAN
-116.8014,39.3642,26,4341,789,3449,1184,45.9273,500000,NEAR BAY
-118.7516,38.0526,28,1786,1786,2349,893,50.6444,500000,<1H OCEAN
-116.3219,33.0744,9,2341,292,2970,878,37.9608,500000,INLAND
-116.8615,34.4308,9,4168,347,1187,1042,16.527,500000,<1H OCEAN
-114.4488,39.8031,10,1248,1498,1485,749,48.675,500000,INLAND
-116.1913,39.6663,13,1892,811,2606,811,47.5781,500000,INLAND
-123.632,39.6618,9,804,1005,3077,603,23.7912,500000,<1H OCEAN
-116.5042,32.6445,12,2333,1000,117,1000,18.0021,500000,<1H OCEAN
-117.803,40.1489,48,1736,289,1574,868,34.8535,500000,INLAND
-123.4021,36.6717,19,2825,1086,2827,652,59.9999,500000,<1H OCEAN
-118.2451,39.0898,41,390,65,487,195,52.0694,500000,NEAR BAY
-116.792,35.0848,21,2928,1301,1299,976,23.9049,500000,<1H OCEAN
-122.3281,39.8105,43,566,991,1963,425,44.0242,500000,INLAND
-119.9509,41.8317,39,1232,308,381,462,69.0521,500000,<1H OCEAN
-118.8751,34.9086,43,772,128,3213,193,20.0652,500000,<1H OCEAN
-120.1685,39.9499,15,996,697,1350,299,42.1181,500000,NEAR BAY
-115.54,38.247,5,388,194,2767,194,90.5923,500000,NEAR BAY
-122.611,35.0944,16,702,162,1553,162,18.871,500000,NEAR OCEAN
-116.5844,35.2964,36,271,123,1466,74,81.1177,500000,<1H OCEAN
-116.5191,39.4506,34,905,129,3384,388,107.1358,500000,INLAND
-119.8197,35.2013,36,3982,306,3006,919,35.4904,500000,INLAND
-118.9052,32.954,51,1738,2000,1853,1043,33.009,500000,<1H OCEAN
-122.7644,40.8026,12,622,725,1678,311,75.3724,500000,INLAND
-122.3484,38.095,23,2327,1253,2754,537,36.267,500000,NEAR OCEAN
-118.9834,39.7055,26,4359,335,2427,1006,9.8819,279800,INLAND
-122.0532,38.2306,8,3448,1149,3429,862,38.2181,500000,INLAND
-116.2353,37.4063,34,1816,2000,1232,1090,53.776,500000,<1H OCEAN
-118.1378,39.8148,3,888,1066,483,533,63.2209,500000,INLAND
-123.7342,32.8055,46,810,243,762,243,23.9079,500000,NEAR BAY
-120.7212,35.4629,5,214,285,1894,214,34.4912,500000,INLAND
-115.7157,38.461,6,3748,576,1165,865,72.8738,500000,<1H OCEAN
-121.5256,41.4678,9,346,26,2851,80,39.1181,500000,INLAND
-117.1028,36.2397,46,2123,579,3075,579,16.2054,500000,NEAR OCEAN
-123.362,41.7653,44,1976,304,735,456,85.2142,500000,INLAND
-114.9947,39.6752,48,1843,2000,3465,1106,35.6632,500000,NEAR BAY
-119.8065,37.1065,43,4788,399,2246,1197,78.0474,500000,INLAND
-119.3843,36.577,48,1011,809,997,607,17.5545,500000,NEAR OCEAN
-118.6017,33.7297,25,956,956,784,717,37.7126,500000,INLAND
-120.6657,38.3443,1,808,161,662,485,55.0602,500000,INLAND
-117.0471,32.9974,23,3457,1257,1701,943,38.4861,500000,INLAND
-124.1542,36.5762,12,1681,905,341,388,19.9411,500000,INLAND
-122.678,34.7582,13,2718,302,545,906,9.6843,400400,<1H OCEAN
-122.4118,41.5847,36,1815,726,2662,1089,101.1439,500000,<1H OCEAN
-117.9466,35.951,9,741,164,1762,247,47.0593,500000,INLAND
-115.394,37.1479,17,826,103,1895,310,81.6683,500000,NEAR OCEAN
-123.6636,36.0672,21,1290,1129,1203,484,70.7949,500000,NEAR BAY
-115.7754,33.8035,4,2002,333,1990,1001,58.0145,500000,<1H OCEAN
-116.1049,35.8495,36,1049,524,1265,787,33.441,500000,<1H OCEAN
-123.5337,39.9005,39,546,546,253,273,54.4044,500000,INLAND
-122.8677,38.4014,29,1892,1103,2031,473,95.7851,500000,INLAND
-120.7995,36.6554,2,1841,526,375,789,42.6229,500000,INLAND
-123.1533,40.2954,41,1159,1159,2442,1159,126.9262,500000,NEAR BAY
-116.7171,32.5394,23,1136,378,3209,568,16.4929,500000,<1H OCEAN
-119.2593,40.3527,14,360,90,2369,135,15.4628,459000,INLAND
-120.1924,33.0656,49,510,396,2060,170,73.3638,500000,<1H OCEAN
-117.0505,40.7676,44,276,83,3378,83,24.8123,500000,NEAR BAY
-121.371,41.5019,23,452,323,845,194,138.1842,500000,<1H OCEAN
-115.5847,40.2821,23,698,349,2731,524,90.4674,500000,INLAND
-117.7603,32.6861,47,870,248,805,373,105.1227,500000,<1H OCEAN
-120.8349,37.499,10,396,396,101,396,68.9407,500000,NEAR BAY
-118.9013,40.3736,21,2482,1551,919,931,23.3275,500000,<1H OCEAN
-121.7055,37.6777,30,1395,1395,1808,598,14.984,500000,NEAR OCEAN
-114.4502,35.9194,18,1776,592,316,888,99.4606,500000,<1H OCEAN
-119.944,36.9716,17,2243,1121,1047,673,16.4915,500000,<1H OCEAN
-115.3323,33.2666,6,1045,380,269,285,104.9534,500000,NEAR BAY
-114.5198,37.215,14,1900,2000,927,1140,60.6036,500000,<1H OCEAN
-118.9421,32.7645,19,1592,597,2547,597,38.7385,500000,INLAND
-117.0,38.6191,43,2696,1011,617,1011,52.8688,500000,INLAND
-118.5775,36.2093,18,429,268,996,161,53.6113,500000,<1H OCEAN
-123.3843,34.3178,9,2394,1368,561,1026,35.9144,500000,NEAR OCEAN
-114.7758,32.6651,44,1455,1746,1407,873,95.3923,500000,<1H OCEAN
-119.7336,41.2601,18,449,112,2687,337,93.4499,500000,INLAND
-115.3594,37.785,47,962,962,1927,962,44.5219,500000,NEAR BAY
-117.7439,38.6461,6,903,602,780,903,28.2923,500000,<1H OCEAN
-123.2481,39.9039,2,3949,718,1188,1077,88.7797,500000,INLAND
-120.1295,38.4526,48,291,97,2378,291,12.0498,470400,NEAR OCEAN
-122.3415,36.4245,6,4272,1068,1727,1068,52.9274,500000,INLAND
-122.6014,38.4621,1,3704,617,1663,926,63.2016,500000,INLAND
-117.1491,34.8989,33,730,876,3041,438,24.6697,500000,INLAND
-123.9998,37.8328,17,1054,602,2885,452,72.7375,500000,INLAND
-114.6386,34.4531,25,684,684,929,342,39.9151,500000,<1H OCEAN
-119.8008,41.2155,21,1395,1395,2494,598,29.2291,500000,<1H OCEAN
-119.4024,37.3409,16,2162,2000,2790,1081,72.2779,500000,INLAND
-121.3057,34.7215,25,2026,1013,3159,1013,21.1402,500000,INLAND
-123.4438,38.5765,14,723,506,997,217,68.3131,500000,NEAR OCEAN
-118.4176,33.358,12,469,201,2575,201,12.3441,433300,<1H OCEAN
-120.8525,36.6232,12,196,236,735,118,48.1349,500000,NEAR BAY
-118.0593,40.7267,7,1764,504,1611,756,41.6329,500000,<1H OCEAN
-118.7423,39.7947,27,1781,959,347,411,29.3346,500000,INLAND
-122.1309,39.1827,28,4004,924,2153,924,51.2318,500000,NEAR BAY
-119.6835,36.9707,1,924,1540,2426,924,38.6615,500000,INLAND
-121.2194,36.7454,24,831,277,1619,277,76.3557,500000,NEAR BAY
-121.9028,32.6074,38,3674,565,1499,848,56.7511,500000,<1H OCEAN
-116.603,38.2004,1,1548,929,922,929,53.2076,500000,INLAND
-124.1809,37.9816,16,1185,1975,2719,1185,48.3131,500000,<1H OCEAN
-121.6112,32.5502,50,1468,293,3195,881,30.5476,500000,INLAND
-118.9891,33.8019,22,926,308,551,463,33.8352,500000,NEAR BAY
-119.5385,32.6181,1,5195,2000,1037,1199,47.0643,500000,<1H OCEAN
-114.8983,34.9052,27,611,122,2151,367,36.5459,500000,INLAND
-115.8634,32.5366,21,1952,1952,1343,976,79.0007,500000,NEAR OCEAN
-116.784,36.465,11,806,484,144,484,42.8907,500000,NEAR BAY
-119.1592,37.0257,4,2625,1125,170,1125,50.8137,500000,<1H OCEAN
-120.0109,36.6523,46,4112,949,895,949,17.4786,500000,INLAND
-123.9343,34.3942,42,739,739,3389,739,71.4161,500000,NEAR OCEAN
-116.0833,37.4738,35,789,493,2172,296,28.6136,500000,INLAND
-119.9929,40.2339,1,798,532,967,266,21.6931,500000,INLAND
-121.0903,35.2665,45,1518,1139,290,1139,108.8855,500000,<1H OCEAN
-118.2337,35.4695,25,971,647,2671,971,61.6306,500000,INLAND
-116.7586,37.6568,25,2769,213,1382,639,72.8821,500000,INLAND
-119.0695,34.7207,45,1765,2000,1438,1059,53.2652,500000,INLAND
-122.8042,35.709,23,1583,2000,2009,950,38.3477,500000,INLAND
-115.0835,36.7982,13,990,165,876,495,34.2889,500000,INLAND
-123.1715,36.1699,13,1001,1668,2573,1001,64.7188,500000,INLAND
-114.6043,40.2732,48,1286,643,1166,965,80.0056,500000,NEAR BAY
-119.8752,40.5654,28,600,400,2499,600,38.9265,500000,<1H OCEAN
-114.8338,36.3273,30,192,144,1859,72,140.627,500000,NEAR OCEAN
-115.1535,36.754,31,2405,601,603,902,36.0243,500000,<1H OCEAN
-120.2373,41.5905,12,880,440,2219,440,17.5698,500000,NEAR BAY
-116.2997,37.2793,22,2032,156,355,469,14.4352,500000,<1H OCEAN
-123.4023,41.9338,49,1740,2000,2531,870,14.7305,440000,INLAND
-123.4727,39.7466,8,982,2000,1379,982,31.6361,500000,INLAND
-120.7404,35.0102,49,201,352,2379,151,35.282,500000,INLAND
-118.2021,34.6764,14,3323,664,918,997,61.0776,500000,NEAR BAY
-124.2068,34.0111,16,1029,257,1484,386,39.8619,500000,<1H OCEAN
-119.1482,40.1584,1,1168,1635,1139,701,67.2628,500000,NEAR BAY
-114.5435,35.4152,34,1746,1746,953,1048,41.6591,500000,NEAR OCEAN
-115.7155,38.92,17,500,200,1264,300,40.8823,500000,NEAR BAY
-121.9753,37.6313,24,709,101,282,304,28.6764,500000,INLAND
-119.0193,40.347,30,3883,2000,1450,1165,95.2151,500000,INLAND
-122.5859,39.6328,33,1593,956,518,478,16.1787,431400,INLAND
-121.6674,33.1056,49,4176,379,1863,1139,48.5877,500000,INLAND
-115.07,35.7151,29,460,613,408,460,36.3646,500000,INLAND
-114.3222,37.4409,10,2286,1016,131,762,64.8215,500000,INLAND
-121.8744,40.1346,36,2332,848,1592,636,40.0483,500000,NEAR BAY
-122.1793,39.2833,3,1968,1181,1113,1181,40.7629,500000,<1H OCEAN
-120.4614,37.7193,44,2046,682,3081,682,34.5567,500000,<1H OCEAN
-119.8414,40.1796,16,628,628,998,628,93.554,500000,<1H OCEAN
-123.4075,36.6318,37,2539,1367,1457,586,40.6106,500000,INLAND
-122.8229,33.0288,8,1763,1122,903,481,132.2079,500000,<1H OCEAN
-120.0517,40.7701,21,1668,185,3124,556,47.7478,500000,INLAND
-121.9458,37.5026,36,1737,1158,2781,579,41.0849,500000,NEAR BAY
-115.8507,40.1798,32,3093,1546,684,928,37.1658,500000,INLAND
-116.7845,36.2248,1,238,68,954,102,56.8908,500000,<1H OCEAN
-118.9366,38.0912,2,2712,417,733,626,28.4899,500000,<1H OCEAN
-119.9737,35.6454,51,1135,1362,613,681,44.2578,500000,<1H OCEAN
-115.9901,36.391,27,3358,916,918,916,40.7505,500000,INLAND
-122.64,33.9003,44,2992,272,2996,816,49.2906,500000,<1H OCEAN
-115.4261,39.5452,4,2184,1274,1660,546,50.029,500000,INLAND
-123.8092,35.1627,26,175,408,1402,175,51.6134,500000,INLAND
-115.0661,35.3664,30,1113,477,748,477,42.9282,500000,NEAR OCEAN
-122.9119,35.8648,47,1143,343,725,343,103.9543,500000,INLAND
-116.179,36.6052,37,852,284,1987,284,52.2545,500000,INLAND
-124.1195,37.9736,33,2930,586,2654,879,150.0,500000,INLAND
-116.1492,38.9867,15,1797,199,1996,599,41.7833,500000,<1H OCEAN
-118.4593,38.9191,51,1603,641,2334,962,72.0913,500000,INLAND
-124.1097,36.525,17,836,209,989,209,26.2314,500000,<1H OCEAN
-116.5579,37.078,15,3154,788,3314,1183,93.9778,500000,INLAND
-123.2844,33.833,37,2574,198,2896,594,26.5762,500000,NEAR BAY
-118.9009,37.4543,51,909,795,3084,341,53.3094,500000,<1H OCEAN
-120.98,40.832,44,1245,1089,2369,467,34.6026,500000,INLAND
-116.7083,36.8743,10,3051,1017,2460,1017,53.1857,500000,<1H OCEAN
-115.7678,41.4111,42,3464,1443,340,866,35.2233,500000,<1H OCEAN
-119.6572,33.9799,19,988,82,647,247,25.2552,500000,<1H OCEAN
-116.7206,39.5006,12,3564,2000,550,1188,34.4542,500000,INLAND
-115.1338,39.2259,48,600,400,1742,200,102.2615,500000,<1H OCEAN
-117.408,38.9745,49,366,244,2099,366,53.6752,500000,<1H OCEAN
-121.0801,38.7971,19,888,592,503,888,18.7141,500000,ISLAND
-119.6669,32.7119,2,2416,659,2655,659,78.2426,500000,NEAR OCEAN
-122.0,39.5502,11,1124,187,1967,562,23.7522,500000,NEAR BAY
-119.7159,37.247,28,2601,1115,2124,1115,63.3453,500000,<1H OCEAN
-121.8411,37.4798,4,2889,1605,3217,963,56.5138,500000,NEAR BAY
-116.2275,32.9833,12,1926,2000,2087,1156,58.696,500000,NEAR OCEAN
-118.2008,34.2896,8,748,124,112,374,123.285,500000,<1H OCEAN
-117.9675,41.1546,49,1028,1028,2713,1028,24.6654,500000,<1H OCEAN
-123.1974,35.4975,19,1081,590,3078,295,58.5021,500000,<1H OCEAN
-124.2854,36.2419,20,2602,2000,384,976,86.3439,500000,INLAND
-116.4081,34.2974,22,1135,908,1933,681,27.5659,500000,NEAR BAY
-118.8769,38.5058,1,2211,1474,1697,737,25.9231,500000,INLAND
-114.9845,39.5367,28,242,121,614,182,34.1333,500000,<1H OCEAN
-118.9276,41.252,47,3890,2000,1038,1061,49.2754,500000,INLAND
-122.1532,37.8396,42,616,493,3009,370,17.397,500000,INLAND
-117.3152,35.1185,13,1228,1228,1431,737,56.454,500000,<1H OCEAN
-117.2902,33.1742,1,964,160,1925,241,17.4189,500000,NEAR BAY
-123.6447,35.028,40,4084,742,2742,1114,88.1098,500000,<1H OCEAN
-117.3635,38.3745,43,1393,557,1623,418,55.1935,500000,INLAND
-122.1747,41.754,48,2781,1236,3130,927,127.8003,500000,NEAR BAY
-121.7548,33.2524,30,2480,1550,1799,930,60.5734,500000,INLAND
-123.9859,36.1895,25,1136,1364,3451,682,33.7753,500000,<1H OCEAN
-118.0263,38.8387,39,376,376,601,188,25.1128,500000,INLAND
-116.9827,37.9584,36,1607,371,3119,371,46.8017,500000,INLAND
-121.9951,38.6911,39,3263,1004,483,753,39.8226,500000,NEAR BAY
-116.3746,36.9005,15,2220,222,2864,666,82.6214,500000,<1H OCEAN
-116.6797,35.0368,47,2888,1444,2349,722,23.2293,500000,INLAND
-120.2023,37.0861,2,1232,112,2002,336,136.3365,500000,<1H OCEAN
-123.6177,36.1246,5,1558,222,3093,668,87.1344,500000,INLAND
-121.4981,39.2383,34,493,197,2278,148,35.8904,500000,NEAR OCEAN
-122.6457,34.1304,30,2222,1414,2461,606,119.2566,500000,NEAR BAY
-114.7118,37.2134,29,206,155,2664,155,25.3482,500000,<1H OCEAN
-116.1226,41.6111,47,3523,542,2958,813,45.8759,500000,<1H OCEAN
-123.5162,37.552,45,1869,467,889,701,18.8536,500000,NEAR BAY
-119.1654,34.7535,37,2058,2000,2972,1029,122.7963,500000,NEAR OCEAN
-121.6311,41.3906,9,1549,968,2102,581,15.0918,500000,NEAR OCEAN
-123.9788,34.8195,5,472,314,208,236,17.087,500000,<1H OCEAN
-121.077,39.6362,8,640,746,3222,320,27.709,500000,NEAR OCEAN
-123.0241,33.5405,32,2958,328,2721,986,89.6559,500000,NEAR BAY
-122.0727,40.5949,37,4987,1918,3131,1151,71.9155,500000,ISLAND
-121.0346,34.2155,41,280,120,2725,120,43.6331,500000,INLAND
-120.2111,36.2447,6,1378,551,1274,827,74.7344,500000,<1H OCEAN
-119.6156,41.6734,15,2214,1409,1289,604,37.8389,500000,INLAND
-119.098,38.0042,18,692,807,1040,346,52.2501,500000,INLAND
-120.6,35.008,33,1701,1276,1493,638,109.248,500000,<1H OCEAN
-119.3165,32.506,3,1876,750,218,1126,34.9743,500000,<1H OCEAN
-120.1214,32.5645,43,461,554,2634,277,25.6043,500000,INLAND
-114.6556,35.1086,5,1686,1012,2658,1012,53.775,500000,NEAR BAY
-123.6236,37.5051,27,306,153,3454,153,63.2282,500000,NEAR BAY
-118.4405,37.1065,48,3804,585,1972,878,43.3304,500000,<1H OCEAN
-122.3635,41.2579,10,453,226,3458,136,74.0406,500000,INLAND
-120.5456,39.7589,36,396,277,813,119,35.9392,500000,<1H OCEAN
-118.8353,41.285,29,92,61,1711,92,43.7772,500000,<1H OCEAN
-116.7019,37.3619,42,975,1300,2760,975,50.7712,500000,<1H OCEAN
-114.5227,36.7433,30,1418,1181,2784,709,48.1828,500000,<1H OCEAN
-119.3638,37.8778,44,3372,1405,2730,843,106.7562,500000,INLAND
-121.7302,36.0354,21,228,152,1684,228,50.6186,500000,NEAR BAY
-116.3842,34.5027,9,4066,369,348,1109,33.7927,500000,INLAND
-122.0843,40.4483,35,3920,1960,3044,980,55.6663,500000,<1H OCEAN
-119.2216,38.9651,50,1222,1018,1396,611,74.284,500000,INLAND
-115.8329,35.5938,23,1444,1805,2309,1083,64.5298,500000,<1H OCEAN
-120.262,36.7397,42,285,285,553,214,62.419,500000,INLAND
-118.7302,34.6418,45,386,386,3284,386,16.5065,500000,NEAR BAY
-123.1045,37.847,33,420,70,973,105,9.0891,303800,NEAR OCEAN
-123.7403,35.9044,41,876,398,3490,239,87.1599,500000,<1H OCEAN
-114.4372,40.818,29,3390,2000,2532,1017,52.7677,500000,NEAR BAY
-122.511,37.5194,42,521,521,1222,521,40.0304,500000,INLAND
-120.9445,36.4114,18,3432,264,1356,792,61.5083,500000,<1H OCEAN
-119.2532,39.6214,27,3543,708,3429,1063,128.8915,500000,<1H OCEAN
-120.5553,41.0985,4,3712,1546,2118,928,94.699,500000,INLAND
-123.3266,40.2655,11,1187,339,2454,509,72.2345,500000,INLAND
-122.3309,37.2017,30,750,900,2182,450,23.8206,500000,INLAND
-119.3655,35.8862,37,696,116,909,174,25.752,500000,NEAR OCEAN
-119.912,38.7902,2,1004,1338,550,1004,9.6866,383400,<1H OCEAN
-116.3181,40.2602,4,1970,788,110,1182,59.305,500000,NEAR BAY
-121.1821,41.7971,1,833,833,1476,625,78.8669,500000,INLAND
-114.8968,36.8439,27,624,1040,2425,624,82.8219,500000,<1H OCEAN
-121.4719,38.8483,18,3075,2000,1125,1025,60.8154,500000,NEAR BAY
-120.987,35.2845,3,738,886,856,443,36.9714,500000,NEAR BAY
-114.8069,33.3309,41,2240,689,1421,517,28.9051,500000,<1H OCEAN
-115.8952,34.904,27,4667,1436,886,1077,24.7139,500000,<1H OCEAN
-121.1303,32.6377,1,648,486,1578,486,36.7644,500000,<1H OCEAN
-120.3472,37.3396,35,4464,2000,1977,1116,22.5535,500000,INLAND
-115.8774,36.045,47,235,470,1026,235,116.2982,500000,INLAND
-123.4391,38.9436,22,1242,1449,205,621,18.5628,500000,NEAR OCEAN
-121.3532,38.3455,49,2043,1226,446,613,36.03,500000,NEAR BAY
-118.9844,34.0947,22,670,134,1515,402,12.6905,491800,NEAR BAY
-116.011,38.9013,4,1157,771,703,1157,48.4493,500000,INLAND
-118.6538,34.2803,7,806,806,2817,605,40.494,500000,NEAR BAY
-119.4022,32.5566,4,3533,1060,660,1060,32.7372,500000,<1H OCEAN
-114.6788,41.7168,16,503,704,192,302,23.1713,500000,INLAND
-123.1359,32.7564,20,751,601,2205,451,40.6119,500000,INLAND
-116.4993,35.7466,23,998,399,2221,599,29.2508,500000,<1H OCEAN
-123.0297,38.5564,25,2792,1163,2384,698,37.3549,500000,INLAND
-116.9717,36.0186,45,1252,313,638,313,131.242,500000,INLAND
-118.8691,36.1215,1,1503,136,2414,410,44.9653,500000,INLAND
-121.6535,39.3659,46,765,1785,3033,765,55.8297,500000,<1H OCEAN
-118.8666,38.2205,13,616,863,2156,370,30.6891,500000,INLAND
-115.5058,37.4246,49,3692,1846,1428,923,25.3283,500000,INLAND
-119.5782,40.92,7,1794,598,1737,598,39.9972,500000,<1H OCEAN
-124.2342,33.5271,6,1164,2000,2861,1164,150.0,500000,INLAND
-123.7339,36.9628,7,538,323,586,323,34.1284,500000,INLAND
-117.9736,34.7711,16,4072,2000,2560,1018,50.3726,500000,<1H OCEAN
-117.5207,32.8497,49,2452,1430,1016,613,24.669,500000,<1H OCEAN
-120.2823,41.8008,24,347,99,3084,149,7.7634,293400,<1H OCEAN
-121.8722,39.4733,9,1146,860,575,860,25.2465,500000,INLAND
-117.1403,34.5538,33,293,488,1857,293,150.0,500000,NEAR BAY
-121.2584,36.3231,26,348,139,1461,209,57.9638,500000,<1H OCEAN
-123.5599,34.6472,36,2423,1322,1752,661,108.5423,500000,<1H OCEAN
-120.2039,39.0061,38,3812,1588,1399,953,32.9158,500000,INLAND
-118.9086,35.8292,41,576,230,227,346,9.86,282600,INLAND
-114.6437,41.2387,8,3319,1532,3016,766,20.8501,500000,<1H OCEAN
-118.3778,34.4718,26,264,22,1914,66,51.4598,500000,<1H OCEAN
-122.2168,35.8233,33,1135,262,2141,262,46.7659,500000,<1H OCEAN
-115.9781,41.3522,29,3366,612,1874,918,40.2992,500000,<1H OCEAN
-121.3852,40.9045,50,192,21,1897,64,29.5013,500000,INLAND
-114.7072,35.2851,49,1997,922,2161,461,71.2657,500000,NEAR BAY
-121.0469,37.0892,42,2113,422,1526,634,30.0174,500000,INLAND
-115.2048,40.8952,13,504,210,545,126,48.7778,500000,INLAND
-115.5105,38.871,27,2741,391,199,1175,45.5943,500000,NEAR OCEAN
-115.6601,38.5542,41,1058,1481,1935,635,32.5079,500000,<1H OCEAN
-123.9061,38.7753,14,1317,1024,732,439,23.8983,500000,<1H OCEAN
-115.8013,41.2493,37,2737,1173,1643,1173,31.3805,500000,NEAR BAY
-117.087,37.4132,13,1384,922,2157,692,124.8057,500000,NEAR OCEAN
-120.957,34.2269,8,2766,1383,2126,830,79.0479,500000,INLAND
-119.399,36.9909,13,459,255,672,153,74.8,500000,INLAND
-117.9008,39.4244,48,464,77,2345,232,25.2975,500000,INLAND
-114.8646,37.1753,51,168,235,3298,101,17.1153,500000,<1H OCEAN
-116.4992,35.476,44,1923,1495,1328,641,78.2948,500000,INLAND
-120.015,38.8301,14,2022,1348,502,1011,69.7868,500000,INLAND
-117.8458,36.7772,40,1810,1448,1813,1086,44.0328,500000,NEAR BAY
-122.4413,41.6468,12,1183,473,2197,710,32.4682,500000,NEAR OCEAN
-120.0606,35.8453,7,373,224,1443,112,16.8478,500000,NEAR OCEAN
-116.387,39.3161,14,1796,1026,2137,770,68.2396,500000,NEAR OCEAN
-118.2341,37.7732,8,1566,522,2702,783,82.6212,500000,INLAND
-116.4675,33.2369,33,981,736,2065,736,26.9809,500000,<1H OCEAN
-119.2018,36.9627,35,879,293,2807,879,25.6624,500000,INLAND
-120.4986,32.7771,2,2300,1380,596,690,85.3894,500000,NEAR BAY
-116.8746,40.0034,6,3722,286,1096,859,27.5904,500000,INLAND
-123.3625,39.478,25,1218,812,1988,609,117.9217,500000,NEAR BAY
-114.5139,32.9799,6,888,444,982,222,37.9836,500000,INLAND
-114.8163,37.2471,43,423,47,3480,141,32.1576,500000,<1H OCEAN
-115.4963,41.6346,21,2186,728,2406,1093,41.6645,500000,NEAR BAY
-115.4572,35.2041,22,1671,1114,1500,557,32.1562,500000,NEAR BAY
-119.1894,41.0909,1,560,840,2731,420,79.7034,500000,INLAND
-119.3205,33.9354,36,774,129,3443,387,68.9976,500000,<1H OCEAN
-116.0992,32.5627,37,399,72,136,109,77.9018,500000,<1H OCEAN
-121.4674,37.54,39,4544,1893,1993,1136,45.2995,500000,NEAR BAY
-115.8009,34.7728,28,241,193,1553,145,30.8388,500000,<1H OCEAN
-122.2912,40.8526,14,1304,401,2667,301,40.3321,500000,NEAR OCEAN
-115.5089,38.9023,4,1728,384,1146,576,31.4113,500000,<1H OCEAN
-118.8891,39.0255,17,768,614,1206,461,97.7627,500000,<1H OCEAN
-115.8679,38.8962,28,348,31,2706,95,73.9914,500000,NEAR BAY
-119.3686,38.9501,6,1712,998,3128,428,38.3852,500000,NEAR BAY
-118.2157,39.5976,3,1576,1261,588,946,23.2592,500000,<1H OCEAN
-115.0321,38.8639,12,450,338,2190,338,102.2161,500000,NEAR BAY
-120.1179,40.4256,4,2090,1045,2746,1045,44.0179,500000,NEAR BAY
-122.0971,37.8022,1,1701,464,659,464,37.5054,500000,NEAR BAY
-123.3902,35.8315,25,65,86,2348,65,102.758,500000,<1H OCEAN
-118.4002,36.935,39,350,116,3430,175,29.8629,500000,INLAND
-118.1891,36.6822,26,1962,1635,2965,981,33.4894,500000,NEAR BAY
-118.0929,35.6588,5,516,344,761,516,35.3087,500000,INLAND
-123.9283,36.4469,18,3534,1178,3466,1178,18.4054,500000,INLAND
-124.0258,36.1574,2,3509,2000,1314,957,49.0101,500000,NEAR OCEAN
-115.3458,33.5558,32,112,112,1720,84,25.6663,500000,<1H OCEAN
-117.345,40.3902,12,1636,954,1091,409,28.7936,500000,INLAND
-123.1668,39.6864,20,3826,1471,2477,883,26.5737,500000,INLAND
-123.5536,35.7066,47,488,244,527,122,28.5125,500000,NEAR OCEAN
-122.6814,41.4788,30,3993,399,2513,1198,24.5138,500000,INLAND
-116.2308,41.5189,40,562,321,287,241,47.036,500000,NEAR BAY
-117.0691,40.6388,18,1610,966,2971,966,36.9376,500000,NEAR OCEAN
-117.9135,32.779,48,4402,338,1208,1016,41.7371,500000,INLAND
-117.8921,36.0266,37,1682,210,1861,631,150.0,500000,<1H OCEAN
-115.7113,36.8447,27,2272,649,875,974,36.9383,500000,NEAR BAY
-120.9654,39.3278,30,2489,355,466,1067,58.2972,500000,NEAR OCEAN
-121.0777,38.5307,32,1490,1192,179,894,62.4168,500000,NEAR BAY
-120.0457,38.9446,9,2016,288,3429,864,39.0511,500000,INLAND
-114.4032,39.7885,13,1818,992,563,496,47.7923,500000,<1H OCEAN
-118.751,41.5101,35,1158,643,293,386,41.0588,500000,INLAND
-118.831,37.7393,23,2443,2000,1846,1047,45.7925,500000,NEAR BAY
-116.2041,41.0884,40,409,102,3372,307,28.522,500000,INLAND
-122.5194,40.2408,27,1227,175,381,526,30.1462,500000,<1H OCEAN
-120.246,35.7103,4,1065,1491,968,639,40.9658,500000,NEAR OCEAN
-117.8864,40.2299,34,1164,499,1989,499,12.4217,429800,<1H OCEAN
-114.4198,33.6148,32,637,956,1774,478,99.5071,500000,NEAR BAY
-122.7553,34.0082,19,3202,492,595,739,148.2796,500000,<1H OCEAN
-119.7797,41.9276,41,570,142,3332,428,44.9161,500000,NEAR BAY
-115.2442,36.5725,18,1582,1582,1318,1187,60.453,500000,ISLAND
-117.0447,36.8759,6,846,423,2400,254,77.573,500000,NEAR BAY
-118.1622,41.5348,7,994,165,1657,497,18.3162,500000,<1H OCEAN
-121.7289,35.9375,46,4428,340,2090,1022,70.7783,500000,INLAND
-122.4279,34.7512,20,1390,397,3175,596,31.3973,500000,<1H OCEAN
-120.5579,33.2393,22,2866,286,1208,860,150.0,500000,<1H OCEAN
-121.7489,37.4649,16,3176,1852,2869,794,36.2206,500000,INLAND
-116.2152,34.397,38,1867,1005,1094,431,69.93,500000,<1H OCEAN
-117.093,33.1157,31,3318,301,1177,905,36.4353,500000,INLAND
-115.948,40.2242,46,969,430,211,323,150.0,500000,INLAND
-122.5892,35.6217,46,3344,912,1279,912,29.8199,500000,<1H OCEAN
-121.2003,38.0042,51,394,65,2093,197,81.5844,500000,INLAND
-116.6145,33.4941,17,3392,1413,2275,848,59.0622,500000,INLAND
-122.6645,37.303,30,716,358,1562,179,51.6852,500000,<1H OCEAN
-122.8439,38.5025,18,2447,1748,1312,1049,46.525,500000,INLAND
-120.4694,36.7737,36,769,1794,862,769,27.1772,500000,<1H OCEAN
-122.4356,35.7061,39,320,160,3174,96,8.593,306100,<1H OCEAN
-123.511,35.4541,13,233,233,1406,175,77.2634,500000,INLAND
-121.1723,33.5391,44,265,618,1140,265,30.2435,500000,NEAR BAY
-115.544,33.5991,15,5000,1923,3299,1154,81.8056,500000,<1H OCEAN
-123.7347,37.2091,51,2181,1454,2265,727,50.0791,500000,NEAR BAY
-118.6389,33.8189,44,1236,742,2984,371,83.3242,500000,INLAND
-118.67,34.6228,1,1472,122,1421,368,65.6095,500000,INLAND
-118.9916,34.0658,21,342,158,1563,79,9.2421,342500,<1H OCEAN
-119.2449,40.1236,20,1226,566,2580,283,58.6462,500000,NEAR BAY
-124.1276,36.7723,42,1377,1377,3431,1033,32.9958,500000,NEAR OCEAN
-123.8255,37.7496,37,1476,984,2781,738,81.5806,500000,<1H OCEAN
-119.1879,38.0381,3,1730,944,1671,472,57.8185,500000,<1H OCEAN
-114.6169,36.2657,43,74,24,2132,74,58.228,500000,NEAR BAY
-120.2202,35.3351,12,740,592,1287,444,34.4407,500000,INLAND
-119.5767,36.1332,19,1306,980,1651,490,23.4535,500000,<1H OCEAN
-114.4794,37.5808,9,372,124,1418,186,31.2761,500000,INLAND
-116.5089,35.9065,9,997,498,438,748,13.7722,436800,INLAND
-116.5989,33.7979,27,3236,269,3073,809,28.4566,500000,NEAR BAY
-119.2526,41.18,5,2793,1197,565,1197,16.8456,488300,INLAND
-115.3209,39.4579,5,1078,462,1010,462,17.1147,500000,<1H OCEAN
-118.4882,33.1296,41,1223,856,960,367,43.4875,500000,NEAR BAY
-117.733,41.1041,18,3320,332,855,996,55.8693,500000,INLAND
-116.4244,34.1194,34,1205,753,1791,452,39.7858,500000,<1H OCEAN
-120.2342,33.4284,51,3100,258,3365,775,30.0635,500000,NEAR OCEAN
-114.7673,34.1456,3,1796,1796,1216,898,22.9689,500000,INLAND
-114.4199,41.3638,41,4244,1414,2596,1061,33.5243,500000,<1H OCEAN
-118.4286,34.6023,6,1664,416,2591,416,24.7605,500000,NEAR OCEAN
-122.0794,39.9764,39,765,1785,2696,765,39.0517,500000,<1H OCEAN
-116.551,38.6089,16,733,400,2216,200,16.2756,500000,NEAR BAY
-121.0786,37.4231,7,1261,315,2616,946,61.7674,500000,<1H OCEAN
-118.529,35.9731,12,269,67,2688,101,28.8574,500000,NEAR OCEAN
-123.433,33.3829,19,3687,567,2421,851,50.8225,500000,<1H OCEAN
-116.2261,39.2512,38,483,483,1998,290,69.056,500000,<1H OCEAN
-114.7091,36.2504,35,1743,1162,410,581,49.3683,500000,<1H OCEAN
-123.3578,37.5824,38,502,228,1827,137,65.5007,500000,<1H OCEAN
-116.984,32.9917,2,2242,841,2662,841,11.7353,406800,NEAR BAY
-115.6916,39.8714,50,604,1208,1262,604,30.1707,500000,INLAND
-123.2049,39.0766,23,813,1626,946,813,78.6047,500000,NEAR OCEAN
-121.832,37.5284,6,1197,149,2120,449,55.0434,500000,INLAND
-120.3813,37.2149,48,57,76,550,57,122.9359,500000,NEAR BAY
-115.9324,35.7018,41,718,1196,2544,718,112.7546,500000,<1H OCEAN
-119.3657,35.7528,5,3696,1421,3442,853,48.5377,500000,NEAR BAY
-122.9304,33.1504,23,2170,542,1746,814,34.862,500000,<1H OCEAN
-121.7363,39.0238,47,936,234,194,351,22.8174,500000,INLAND
-119.6262,32.9272,35,1165,874,1022,874,30.4809,500000,<1H OCEAN
-123.9074,32.5135,10,2467,673,207,673,31.7419,500000,INLAND
-117.99,32.7943,36,776,679,1661,291,28.407,500000,<1H OCEAN
-124.0468,34.4328,10,296,296,1153,178,23.373,500000,INLAND
-116.4913,37.9169,18,1554,848,2729,424,51.6005,500000,NEAR OCEAN
-116.9615,38.971,10,126,25,2970,76,112.2321,500000,INLAND
-115.6456,36.497,36,2328,1746,1578,873,70.99,500000,NEAR OCEAN
-122.7229,36.3821,48,201,44,3425,67,33.4193,500000,INLAND
-118.2741,37.9795,3,210,140,1628,105,74.5151,500000,INLAND
-116.4897,38.1699,31,924,231,502,231,49.9277,500000,<1H OCEAN
-119.1425,40.5275,13,1413,989,3188,424,39.5736,500000,<1H OCEAN
-122.992,40.2813,39,144,120,1444,72,38.1189,500000,INLAND
-123.3107,40.3235,8,1032,1032,3110,774,35.9677,500000,NEAR BAY
-118.241,40.5196,19,404,269,2596,202,59.9328,500000,NEAR OCEAN
-119.3239,40.8584,11,2594,1621,3294,973,44.0968,500000,<1H OCEAN
-115.0044,37.7755,45,2079,1386,2294,693,26.194,500000,INLAND
-115.9616,38.1541,5,338,241,2115,145,25.4438,500000,<1H OCEAN
-117.0625,39.4086,30,510,1020,893,510,48.7218,500000,NEAR OCEAN
-114.476,34.3906,7,703,422,1049,211,52.4456,500000,NEAR BAY
-117.3539,35.9244,31,2746,392,1219,1177,33.606,500000,<1H OCEAN
-123.3764,41.1702,40,1462,731,1152,731,20.5607,500000,INLAND
-123.5244,37.4662,39,2937,2000,2120,979,85.8983,500000,<1H OCEAN
-116.1413,32.992,2,1920,480,3058,480,75.622,500000,<1H OCEAN
-120.693,36.3528,40,218,436,220,218,12.3069,442500,NEAR OCEAN
-115.0572,34.0275,16,1386,426,2203,320,90.5892,500000,INLAND
-123.1175,35.8847,35,1763,352,2677,529,35.7732,500000,NEAR BAY
-122.3121,37.6773,50,2808,936,1607,936,45.4484,500000,INLAND
-116.5683,37.2988,7,545,726,1036,545,80.2799,500000,<1H OCEAN
-115.8253,37.1595,19,3723,372,1570,1117,109.3013,500000,<1H OCEAN
-115.628,32.6742,45,1553,466,2916,466,74.0177,500000,INLAND
-123.3086,36.7285,8,954,530,3209,318,46.8618,500000,NEAR BAY
-120.482,32.7752,14,2269,1444,2424,619,17.7645,500000,<1H OCEAN
-117.8361,36.3462,29,708,413,1751,177,12.0233,398100,<1H OCEAN
-115.112,38.6465,51,3280,820,2294,820,68.6815,500000,INLAND
-121.9098,33.6961,16,332,332,2401,166,90.7223,500000,INLAND
-118.2966,41.2093,20,2623,787,2709,787,24.8734,500000,<1H OCEAN
-122.8648,38.4899,41,489,978,591,489,34.4916,500000,NEAR OCEAN
-116.8272,34.5672,7,1380,1073,355,460,29.027,500000,INLAND
-123.0248,36.2438,17,1002,1002,1275,752,28.5668,500000,<1H OCEAN
-114.3002,33.4206,17,1720,1433,983,860,77.2898,500000,NEAR OCEAN
-123.3773,32.7096,21,3726,2000,2190,1118,46.2291,500000,<1H OCEAN
-117.4466,41.2007,30,891,127,1873,382,35.3422,500000,<1H OCEAN
-116.5296,38.9142,12,3932,655,3222,983,150.0,500000,<1H OCEAN
-121.7201,39.9066,20,1010,1683,2742,1010,17.1489,500000,NEAR BAY
-121.7517,38.4106,47,5178,796,602,1195,56.3359,500000,INLAND
-118.3385,41.1143,43,3863,2000,2986,1159,21.6109,500000,INLAND
-117.9953,41.0112,49,2237,639,2720,959,36.8967,500000,NEAR OCEAN
-117.0947,33.0525,35,388,388,1399,388,44.3347,500000,<1H OCEAN
-118.4971,34.3,30,848,1696,297,848,67.3123,500000,NEAR BAY
-122.5553,36.26,11,2221,1269,2798,952,34.67,500000,<1H OCEAN
-115.0586,35.7404,9,1155,770,756,385,32.5382,500000,NEAR BAY
-122.6339,37.4929,28,2626,1641,848,985,34.2996,500000,NEAR OCEAN
-118.6476,35.0321,21,1714,1142,1699,857,21.213,500000,INLAND
-115.1,40.0759,41,2046,818,380,614,59.2622,500000,INLAND
-115.1703,32.5712,1,3123,2000,1457,1041,48.0089,500000,INLAND
-122.6209,40.0194,46,300,350,938,150,52.6511,500000,<1H OCEAN
-121.914,36.237,9,1672,278,280,836,38.8948,500000,NEAR BAY
-118.2815,32.5488,21,2226,1272,3170,954,36.1204,500000,<1H OCEAN
-120.9284,40.5471,19,352,192,986,96,82.1006,500000,INLAND
-116.9912,36.7442,48,1554,863,1949,518,74.8628,500000,<1H OCEAN
-119.076,39.3849,37,858,858,2876,644,94.7712,500000,NEAR BAY
-121.6391,40.8453,2,1252,578,1736,289,50.7109,500000,INLAND
-120.1896,32.826,44,1768,1414,1095,1061,91.303,500000,<1H OCEAN
-117.3889,34.9905,35,2566,256,2627,770,31.593,500000,<1H OCEAN
-116.4486,33.6295,4,366,244,2452,366,35.948,500000,NEAR BAY
-120.6044,33.4311,40,920,184,134,552,83.0668,500000,<1H OCEAN
-123.2501,41.4836,2,534,296,2885,178,67.2649,500000,<1H OCEAN
-120.7672,40.1529,22,600,350,502,150,34.0665,500000,NEAR OCEAN
-117.9953,35.9649,9,2724,908,2607,908,21.6462,500000,INLAND
-116.7017,39.0293,1,1181,2000,438,1181,35.881,500000,NEAR BAY
-115.5034,41.2347,29,1594,858,322,368,26.8876,500000,INLAND
-114.6806,34.5977,36,551,331,513,331,114.1242,500000,INLAND
-119.0064,32.6344,25,1950,1950,2618,836,63.9825,500000,INLAND
-115.4979,40.329,18,849,212,1641,637,25.6112,500000,NEAR OCEAN
-121.6792,39.3656,27,700,350,2145,210,21.6627,500000,INLAND
-118.7035,34.0224,8,1906,544,1054,817,25.4215,500000,<1H OCEAN
-118.9062,37.1516,3,485,582,507,291,28.9998,500000,<1H OCEAN
-116.6131,34.0241,9,606,60,2771,182,36.6922,500000,<1H OCEAN
-116.5688,38.2248,3,971,1166,2931,583,79.1475,500000,<1H OCEAN
-121.4466,38.6519,40,2400,900,2952,900,22.707,500000,NEAR OCEAN
-115.4414,35.1285,32,2163,432,320,649,150.0,500000,INLAND
-115.3851,39.918,10,2915,1060,3244,795,23.0256,500000,<1H OCEAN
-114.8176,36.9992,30,1076,753,1942,323,17.4119,500000,NEAR OCEAN
-119.7236,39.2104,25,1851,411,766,617,111.6722,500000,INLAND
-114.4259,38.5782,6,869,869,775,869,89.5985,500000,<1H OCEAN
-116.4509,36.7822,50,1095,1095,1809,657,36.3493,500000,NEAR OCEAN
-117.7681,35.2808,48,975,108,2152,325,50.9775,500000,<1H OCEAN
-119.9774,34.4409,39,3061,2000,265,1148,51.7553,500000,<1H OCEAN
-115.8757,39.5865,42,338,169,1786,127,44.0186,500000,<1H OCEAN
-116.6586,38.5985,28,4022,2000,915,1097,18.6286,500000,NEAR OCEAN
-118.4444,35.1689,41,3532,883,3220,883,9.1468,332700,<1H OCEAN
-114.3285,41.6874,27,474,356,2191,178,24.4285,500000,<1H OCEAN
-121.8054,40.1982,9,457,343,1364,343,120.5757,500000,INLAND
-117.8825,33.7046,9,1106,632,1536,474,123.4496,500000,NEAR OCEAN
-121.0887,34.0444,44,1918,1151,2946,1151,34.6564,500000,NEAR BAY
-119.7216,37.6685,23,1717,858,2448,644,22.8239,500000,<1H OCEAN
-120.9105,33.4726,38,1038,230,1417,346,47.9164,500000,NEAR OCEAN
-120.9544,41.6612,8,3321,1476,2953,1107,52.7716,500000,INLAND
-120.5317,38.5612,23,555,370,2214,185,58.1495,500000,<1H OCEAN
-123.7332,33.1287,5,1978,659,302,989,8.9028,329300,<1H OCEAN
-123.9014,36.7131,12,1340,2000,2244,1005,150.0,500000,<1H OCEAN
-117.0508,34.6087,6,1976,988,3291,494,80.0035,500000,INLAND
-121.1909,37.1593,11,231,33,3035,99,36.0125,500000,INLAND
-124.0879,34.8467,31,1781,1781,244,1069,26.3508,500000,INLAND
-123.4852,40.4021,1,5035,1549,3098,1162,73.3299,500000,NEAR BAY
-122.3415,39.3504,10,484,806,3437,484,54.5884,500000,INLAND
-123.8179,41.1125,36,526,263,653,263,42.8572,500000,NEAR BAY
-114.8385,34.3806,8,1323,240,2267,361,53.388,500000,NEAR OCEAN
-118.6164,36.1612,29,480,206,2667,206,37.9001,500000,NEAR BAY
-120.3598,40.1519,45,3004,500,247,751,51.6093,500000,NEAR BAY
-118.9729,36.0515,40,1292,646,2914,646,62.7026,500000,<1H OCEAN
-123.1718,36.1013,7,1530,1071,1438,459,49.8279,500000,<1H OCEAN
-117.2815,41.8674,8,1862,1596,1117,798,48.2858,500000,<1H OCEAN
-114.6041,39.8232,36,2040,510,977,765,93.5318,500000,INLAND
-122.9934,40.6778,18,165,82,1819,62,15.554,500000,NEAR OCEAN
-122.774,36.3662,22,2257,173,2815,521,25.1248,500000,<1H OCEAN
-118.0134,38.0662,25,3824,347,2893,1043,41.2034,500000,<1H OCEAN
-122.7807,36.7803,30,2251,1608,866,965,26.1713,500000,<1H OCEAN
-123.0395,36.7778,23,2410,1033,2911,1033,31.9754,500000,INLAND
-117.5952,33.7131,2,2676,1911,2909,1147,87.8148,500000,NEAR BAY
-118.1134,40.5003,5,440,80,308,120,37.0846,500000,<1H OCEAN
-122.1226,36.2102,1,1080,120,1161,360,13.532,500000,NEAR BAY
-116.0682,38.0273,14,1541,1156,151,578,31.4557,500000,<1H OCEAN
-123.2475,40.6422,42,1484,424,3463,636,41.9909,500000,INLAND
-120.9743,39.848,50,2226,318,1705,954,41.5293,500000,NEAR BAY
-116.9113,34.3833,25,2649,1766,1019,883,56.6112,500000,NEAR BAY
-118.161,38.3759,2,3448,1436,3140,862,53.9047,500000,INLAND
-118.2993,37.2094,4,1005,541,2428,232,37.311,500000,NEAR BAY
-117.4373,34.9714,42,829,1381,3296,829,19.8214,500000,INLAND
-117.8354,32.8882,18,1608,1286,2820,965,31.1216,500000,<1H OCEAN
-115.5573,38.483,45,3046,1523,3348,914,27.9082,500000,NEAR OCEAN
-118.6123,39.9086,26,960,1440,835,720,34.176,500000,INLAND
-120.2872,41.4463,45,453,251,793,151,61.3924,500000,NEAR BAY
-116.6391,35.8723,7,518,222,357,222,51.6788,500000,NEAR OCEAN
-121.7076,36.2926,44,1506,2000,1265,904,66.4858,500000,<1H OCEAN
-116.7041,34.0486,28,2794,1746,1974,1048,32.2054,500000,<1H OCEAN
-121.5002,41.8539,23,2664,2000,2021,999,100.2434,500000,INLAND
-119.4962,40.5711,27,1800,720,2402,540,60.7209,500000,INLAND
-116.9081,41.5972,17,2900,966,2592,725,43.3769,500000,<1H OCEAN
-118.0234,37.2058,31,1096,506,2878,253,58.2412,500000,<1H OCEAN
-123.4431,34.4929,40,1703,1216,1867,730,27.0349,500000,NEAR BAY
-119.8344,37.9453,42,913,548,1027,274,11.4425,310800,INLAND
-116.1814,36.0349,50,3534,2000,1593,964,28.1787,500000,NEAR OCEAN
-114.3324,35.8047,22,4129,635,3065,953,63.5012,500000,<1H OCEAN
-119.632,33.2825,40,360,72,2874,108,42.5515,500000,ISLAND
-123.4407,33.1949,46,1876,750,3213,1126,37.3557,500000,NEAR BAY
-120.6381,36.0986,1,1930,1608,1936,965,24.3829,500000,INLAND
-119.4008,41.2989,25,806,968,2749,484,12.5421,432500,NEAR OCEAN
-123.5657,39.3687,36,946,1325,1504,568,95.3441,500000,INLAND
-115.6574,39.7253,24,280,46,125,140,35.7964,500000,NEAR BAY
-118.9121,34.7258,6,3002,375,2628,1126,31.339,500000,<1H OCEAN
-120.1388,39.478,34,605,275,396,165,27.1017,500000,NEAR BAY
-120.3282,36.36,21,2220,740,2259,1110,86.0818,500000,INLAND
-124.0169,33.0642,32,1336,1069,3492,802,68.8132,500000,ISLAND
-119.1112,36.2507,1,1474,368,187,1106,22.6972,500000,<1H OCEAN
-119.5442,33.7469,1,793,158,2595,476,81.5577,500000,NEAR BAY
-120.8411,40.6101,31,2520,1440,3051,1080,37.1715,500000,<1H OCEAN
-117.7132,40.4828,51,1260,900,2231,540,28.1138,500000,INLAND
-120.1897,35.231,33,1054,1054,2445,452,34.0019,500000,INLAND
-118.5824,38.3133,49,874,582,3164,437,25.3456,500000,<1H OCEAN
-115.4496,35.9557,44,2669,1906,2742,1144,18.3579,500000,INLAND
-120.6611,33.9651,15,1950,1365,234,585,64.6032,500000,NEAR BAY
-120.3208,38.6694,6,600,800,2732,600,35.5224,500000,INLAND
-115.641,39.721,29,3160,526,2675,790,58.7277,500000,<1H OCEAN
-120.7191,39.8599,32,1378,1378,875,689,48.1785,500000,NEAR BAY
-119.9064,33.9176,40,896,224,2325,672,56.3572,500000,INLAND
-116.2919,37.3695,27,646,323,2962,485,11.8816,327900,INLAND
-118.3813,32.727,47,714,79,2983,238,24.1076,500000,<1H OCEAN
-114.9611,33.3566,44,3181,1988,3061,1193,57.0657,500000,INLAND
-119.5934,33.27,30,614,409,2744,614,18.8721,500000,<1H OCEAN
-119.5097,33.0433,29,3114,1168,515,1168,50.7253,500000,<1H OCEAN
-123.8707,35.6708,1,965,965,1748,579,17.6046,500000,NEAR OCEAN
-122.327,35.898,40,3202,739,892,739,40.9541,500000,NEAR OCEAN
-118.9,39.1298,35,1354,677,341,677,106.5463,500000,NEAR BAY
-122.4289,35.6339,46,5026,1546,995,1160,64.5439,500000,NEAR OCEAN
-119.7642,33.8338,5,531,59,3191,177,13.3583,393300,INLAND
-121.4668,41.4953,8,2795,1505,2133,645,67.4649,500000,NEAR BAY
-124.0919,40.817,35,678,527,2695,226,121.0166,500000,<1H OCEAN
-119.5489,33.6801,25,1397,1746,1809,1048,150.0,500000,NEAR BAY
-117.8373,35.9464,30,2196,219,1311,659,53.927,500000,INLAND
-120.9177,34.0968,23,2962,1481,1741,1111,17.8845,500000,NEAR OCEAN
-116.5347,41.6116,33,1464,366,3445,366,52.6356,500000,<1H OCEAN
-122.8395,35.8818,34,553,158,1075,237,105.6578,500000,<1H OCEAN
-123.3871,33.4321,10,1288,1803,1157,773,36.2461,500000,<1H OCEAN
-114.9516,39.405,39,289,217,2980,217,75.8267,500000,<1H OCEAN
-115.0834,39.2613,26,1752,796,1359,478,24.5037,500000,INLAND
-120.2346,34.7898,30,683,683,3173,410,50.7036,500000,<1H OCEAN
-120.1007,35.5539,32,1010,303,3413,303,9.1051,267000,INLAND
-115.7896,36.4427,38,266,200,324,200,22.9286,500000,<1H OCEAN
-118.9948,35.0432,16,804,1876,2371,804,40.4034,500000,INLAND
-123.1289,35.2444,1,3070,1842,420,921,32.6084,500000,INLAND
-123.1513,40.1151,10,1004,669,3089,502,18.5824,500000,INLAND
-122.9887,39.6426,50,1119,497,491,373,30.0479,500000,<1H OCEAN
-116.4923,39.08,12,231,77,3118,231,49.4211,500000,INLAND
-118.281,39.0243,13,1380,552,2715,828,38.5073,500000,INLAND
-121.3023,37.4579,44,980,326,1923,980,42.0621,500000,INLAND
-122.6793,35.8338,13,1360,1360,806,680,62.9139,500000,INLAND
-123.0654,39.3452,24,1092,1274,1007,546,33.0059,500000,INLAND
-116.8861,33.6055,19,1855,530,1566,795,91.6605,500000,<1H OCEAN
-115.4414,33.8402,34,1836,734,2981,1102,22.3991,500000,NEAR BAY
-118.9892,33.6995,31,3168,1188,3152,1188,128.9451,500000,NEAR OCEAN
-116.5729,39.4608,27,1088,544,1806,272,79.0759,500000,NEAR BAY
-121.4687,38.1196,26,598,598,891,598,32.7527,500000,NEAR OCEAN
-118.4434,36.7765,43,4228,352,2018,1057,34.0897,500000,INLAND
-119.9196,37.0242,30,1813,1295,2927,777,45.9074,500000,NEAR OCEAN
-123.4231,40.3618,26,2964,658,1940,988,58.078,500000,INLAND
-119.4263,33.656,46,3983,1991,3127,1195,78.2035,500000,INLAND
-115.8321,36.1408,5,619,338,132,169,18.142,500000,INLAND
-123.7822,39.7216,43,3267,251,1806,754,52.7229,500000,<1H OCEAN
-119.5289,38.7495,11,2864,1542,255,661,11.3893,419700,<1H OCEAN
-115.5674,36.6339,17,502,628,2179,377,36.4596,500000,NEAR BAY
-116.3993,34.6312,1,1869,267,2195,801,97.0215,500000,<1H OCEAN
-119.3655,41.4912,30,450,112,1161,169,17.3227,500000,NEAR OCEAN
-122.5866,36.3752,43,1650,412,2801,619,15.5342,500000,<1H OCEAN
-115.8147,40.8394,20,2279,1227,3334,526,46.2963,500000,INLAND
-122.7687,39.8894,34,1660,996,1653,498,93.2275,500000,<1H OCEAN
-121.5318,40.6845,21,1764,756,1578,756,49.295,500000,<1H OCEAN
-123.0572,32.6608,39,4918,1513,747,1135,12.9334,500000,ISLAND
-119.7099,37.0352,51,4176,1139,195,1139,14.7716,500000,NEAR BAY
-118.008,34.9646,37,3135,855,1482,855,43.0014,500000,INLAND
-116.0288,35.1032,18,1290,716,1601,430,19.9862,500000,<1H OCEAN
-119.6866,35.0635,43,1160,773,2712,1160,44.0179,500000,NEAR BAY
-114.5928,36.1985,2,5191,2000,3031,1198,45.6125,500000,<1H OCEAN
-118.3414,36.4017,51,3410,2000,469,1023,30.2268,500000,INLAND
-118.2559,38.5234,43,1405,2000,618,1054,120.4744,500000,NEAR BAY
-122.5471,35.3535,34,1648,659,2004,989,57.7929,500000,INLAND
-122.3988,35.0914,32,1848,924,1376,924,83.8928,500000,INLAND
-118.5337,35.9258,13,1473,589,2487,884,70.4522,500000,NEAR BAY
-117.0912,39.0219,22,2352,1306,1196,784,37.0601,500000,<1H OCEAN
-122.2529,32.5016,6,2376,792,1513,792,36.0864,500000,NEAR BAY
-119.4598,39.5958,18,830,498,1610,498,33.9203,500000,INLAND
-120.738,35.7202,31,3563,356,2144,1069,61.0227,500000,<1H OCEAN
-119.9124,37.9743,19,1558,1038,336,779,27.45,500000,NEAR BAY
-122.0787,39.7345,40,1006,1006,3103,755,114.1604,500000,<1H OCEAN
-122.8928,37.3529,44,3913,1204,1252,903,25.9213,500000,<1H OCEAN
-121.095,38.6479,29,272,136,823,136,46.1211,500000,INLAND
-115.6108,41.2394,18,1843,2000,2277,1106,35.3443,500000,NEAR BAY
-116.2477,32.7837,16,2396,1198,559,719,30.9418,500000,NEAR BAY
-123.2835,35.8205,28,4165,757,2106,1136,149.3053,500000,<1H OCEAN
-123.4219,41.3051,37,224,168,306,168,31.1605,500000,INLAND
-119.3705,40.4556,7,318,530,996,318,33.7761,500000,INLAND
-121.5262,38.3599,23,4564,380,2569,1141,27.2242,500000,<1H OCEAN
-116.0657,34.6784,23,2256,846,1364,846,41.563,500000,<1H OCEAN
-119.4382,35.6401,15,2114,1850,3161,793,38.1605,500000,INLAND
-115.7729,40.6506,13,1199,685,1309,514,20.7186,500000,NEAR BAY
-123.218,39.1336,43,2064,917,2447,688,31.4363,500000,INLAND
-114.5992,35.2137,23,2260,1130,201,678,58.4632,500000,<1H OCEAN
-116.629,33.7563,30,277,277,3419,277,75.0967,500000,<1H OCEAN
-116.9812,39.9173,2,1168,1402,2193,701,41.1402,500000,<1H OCEAN
-114.8978,37.9741,15,2786,214,2507,643,42.0131,500000,<1H OCEAN
-119.597,41.6527,12,546,546,1205,410,32.6547,500000,INLAND
-122.8111,36.3617,17,1772,738,1080,443,29.9977,500000,NEAR BAY
-119.331,35.8158,43,2177,622,1584,933,23.3557,500000,<1H OCEAN
-116.1478,35.2622,30,1376,1652,969,826,15.9362,500000,<1H OCEAN
-115.7046,37.0779,47,1770,196,170,590,26.6055,500000,NEAR BAY
-119.4145,35.5659,22,2483,1241,2366,745,69.7569,500000,INLAND
-116.977,33.1953,40,654,545,2536,327,31.4354,500000,INLAND
-121.8305,35.4652,9,2288,1248,2397,624,32.9494,500000,NEAR OCEAN
-121.9945,34.5794,42,696,464,1983,696,32.5668,500000,<1H OCEAN
-118.4374,40.2462,32,453,226,1880,340,85.5764,500000,<1H OCEAN
-120.0825,34.7381,2,732,406,3450,244,23.2326,500000,<1H OCEAN
-122.6895,36.8593,36,1962,1526,1891,654,47.8857,500000,NEAR OCEAN
-116.6864,38.891,25,3770,2000,2499,1131,38.9199,500000,<1H OCEAN
-118.9785,33.9177,1,2320,386,1516,580,42.2389,500000,<1H OCEAN
-119.0961,37.5472,44,4706,1086,212,1086,46.9553,500000,INLAND
-122.4069,40.5483,28,2741,685,1289,1028,41.967,500000,NEAR BAY
-121.8886,38.0488,31,2416,1812,2552,906,65.2612,500000,<1H OCEAN
-117.3729,37.0827,30,4671,1437,2255,1078,39.8463,500000,<1H OCEAN
-115.781,40.4693,5,2262,696,2458,522,115.4931,500000,INLAND
-122.5279,41.4989,17,923,307,2641,923,41.6488,500000,INLAND
-116.1765,40.2994,36,576,360,842,216,14.5925,500000,<1H OCEAN
-116.419,36.3799,18,1807,556,2865,417,59.4759,500000,INLAND
-116.1509,38.3111,46,701,233,2529,701,51.3078,500000,<1H OCEAN
-118.4826,37.5031,17,403,62,1146,93,41.3516,500000,NEAR BAY
-120.7816,35.3814,24,3410,1860,1812,930,34.7036,500000,NEAR OCEAN
-116.5898,36.6355,23,1485,2000,3016,1114,11.4023,316900,INLAND
-119.5005,40.378,1,570,228,668,171,12.6099,476200,NEAR OCEAN
-122.0814,35.3546,42,2776,2000,1129,1190,108.9726,500000,INLAND
-120.2761,40.9508,7,302,302,753,151,28.5393,500000,<1H OCEAN
-119.7228,41.9186,24,588,326,1136,196,72.382,500000,<1H OCEAN
-119.2465,35.4143,47,3395,617,795,926,15.4988,500000,<1H OCEAN
-115.3244,33.666,51,3352,838,2840,838,21.6384,500000,NEAR BAY
-120.1883,41.5932,12,2627,2000,3470,1126,60.9327,500000,<1H OCEAN
-121.4519,34.1251,20,717,538,3395,538,38.1332,500000,<1H OCEAN
-114.6765,39.8289,29,2832,1180,1317,708,55.9907,500000,NEAR BAY
-121.8805,32.8716,36,440,440,3269,220,40.2217,500000,INLAND
-124.1888,34.7379,13,3098,1126,377,845,35.8012,500000,NEAR BAY
-115.8018,34.9715,28,4389,1596,477,1197,26.9655,500000,<1H OCEAN
-114.7555,35.3237,43,736,490,1206,736,19.8099,500000,INLAND
-117.4787,41.2334,39,2620,1497,1080,1123,94.0857,500000,INLAND
-120.2235,34.1654,42,502,167,3219,502,103.8524,500000,NEAR BAY
-118.8625,34.1496,46,3540,393,2683,1180,21.7446,500000,INLAND
-115.98,39.0709,44,2445,889,2661,667,20.9081,500000,INLAND
-115.4466,41.547,27,645,143,2841,215,32.9148,500000,INLAND
-123.2747,36.1982,50,932,466,2565,466,49.7418,500000,<1H OCEAN
-115.62,39.8447,26,2665,615,1814,615,36.3609,500000,NEAR BAY
-118.1265,32.7948,37,127,169,299,127,54.7237,500000,INLAND
-123.9772,40.3286,49,1440,1800,154,1080,39.3712,500000,<1H OCEAN
-123.2151,39.3723,3,758,433,3417,325,37.8566,500000,INLAND
-123.8447,41.0178,48,3579,1652,1806,826,150.0,500000,INLAND
-114.8144,38.5558,42,4428,1476,3340,1107,29.5908,500000,INLAND
-120.0348,41.4427,51,1647,1281,205,549,108.4786,500000,NEAR OCEAN
-117.1438,36.2036,40,3250,1750,2262,750,96.612,500000,INLAND
-124.2828,39.459,8,2576,644,1056,644,54.8741,500000,NEAR OCEAN
-116.3683,39.3929,16,2784,1856,1338,928,12.7675,361500,INLAND
-119.4796,35.0518,1,125,125,2333,94,41.3148,500000,<1H OCEAN
-115.064,41.2455,32,1852,1080,1783,463,29.778,500000,INLAND
-119.091,39.9022,23,2510,1506,557,753,41.0438,500000,INLAND
-116.412,40.7303,25,206,155,3498,155,21.4303,500000,NEAR OCEAN
-118.0053,35.9446,38,4152,1038,2522,1038,63.8374,500000,<1H OCEAN
-119.0946,40.4919,42,1810,1810,1326,776,73.2279,500000,<1H OCEAN
-114.8176,35.4923,4,194,70,2212,53,81.8264,500000,INLAND
-119.344,41.6618,47,105,105,614,63,32.2423,500000,NEAR BAY
-115.3761,32.7275,20,233,388,1560,233,21.4759,500000,INLAND
-123.9392,38.3823,39,1897,542,1544,813,50.0786,500000,<1H OCEAN
-117.7258,33.5663,30,1505,430,1365,645,116.3066,500000,NEAR BAY
-115.1834,39.328,23,2416,1409,1744,604,42.276,500000,NEAR BAY
-115.3072,35.955,11,926,463,3209,695,53.1949,500000,INLAND
-119.4495,40.7711,10,2678,1442,123,618,35.2206,500000,NEAR BAY
-119.579,40.7907,38,592,444,1980,444,29.9792,500000,INLAND
-116.1949,35.9969,17,251,116,3298,58,60.1927,500000,INLAND
-120.9498,40.1948,12,273,136,3122,82,38.0517,500000,INLAND
-114.9284,38.9708,1,1684,280,3151,842,51.6608,500000,<1H OCEAN
-121.7932,36.5524,43,3921,603,1502,905,54.9866,500000,NEAR BAY
-123.556,35.7607,21,650,758,2028,325,49.9536,500000,INLAND
-116.5808,34.4979,18,987,219,2121,329,56.673,500000,NEAR BAY
-120.2528,33.1005,19,519,346,2948,519,24.3074,500000,<1H OCEAN
-120.7422,37.4149,31,1054,527,3345,791,23.4335,500000,NEAR OCEAN
-121.0909,37.6304,25,1464,1220,966,732,39.5281,500000,<1H OCEAN
-114.4956,36.7182,28,1155,1386,521,693,40.1029,500000,<1H OCEAN
-118.5832,41.5307,15,153,214,1000,92,29.642,500000,NEAR OCEAN
-114.3809,32.6301,16,1271,1271,993,545,46.861,500000,NEAR BAY
-120.8642,40.5779,45,2745,2000,1121,915,69.9315,500000,NEAR BAY
-120.1603,40.1078,23,970,1698,3216,728,82.6895,500000,<1H OCEAN
-122.1824,39.7081,50,3582,1302,832,977,94.6269,500000,INLAND
-119.9964,37.4867,44,3396,1698,1534,849,18.4249,500000,NEAR OCEAN
-123.6799,34.3084,37,4336,1806,1316,1084,20.1819,500000,INLAND
-124.2944,40.6974,28,1180,236,1024,708,34.083,500000,NEAR OCEAN
-119.7693,39.5736,43,2816,234,767,704,42.5533,500000,NEAR BAY
-116.8398,40.4118,3,921,230,3490,691,35.1468,500000,INLAND
-119.9293,34.74,26,472,354,2229,354,29.1077,500000,NEAR BAY
-119.1199,37.7666,37,1836,734,447,551,33.7822,500000,NEAR OCEAN
-119.8438,36.4516,6,894,406,2326,244,54.1942,500000,NEAR OCEAN
-119.032,38.5769,10,725,725,2179,544,18.2618,500000,<1H OCEAN
-116.544,39.6498,4,518,222,1321,222,150.0,500000,INLAND
-116.2621,34.1503,25,1432,1228,2779,614,41.066,500000,INLAND
-115.9194,34.1534,28,3823,2000,2828,1147,76.1796,500000,NEAR BAY
-122.1757,32.9143,24,1517,379,2774,569,28.6336,500000,INLAND
-119.7216,33.9933,3,2697,599,2273,899,57.2367,500000,NEAR OCEAN
-115.9899,34.7816,25,554,1292,1602,554,43.0619,500000,<1H OCEAN
-114.8812,33.1889,46,4727,2000,803,1091,67.8073,500000,NEAR BAY
-118.8702,35.8791,2,873,291,249,291,35.9956,500000,NEAR OCEAN
-119.37,38.9141,40,3363,1345,3222,1009,102.8759,500000,<1H OCEAN
-116.6541,40.0342,14,2354,1471,2959,883,16.566,500000,<1H OCEAN
-114.3831,35.7853,4,1786,1786,784,1072,71.6798,500000,INLAND
-120.0407,33.2963,3,673,471,2829,202,43.546,500000,INLAND
-122.649,39.714,1,2158,359,262,1079,22.012,500000,<1H OCEAN
-115.9569,36.2162,22,1825,1460,907,1095,130.8203,500000,NEAR BAY
-117.1957,34.8886,26,1170,260,610,390,122.9532,500000,INLAND
-122.8492,36.9716,32,1536,1536,1257,768,11.6845,380900,<1H OCEAN
-121.0649,41.7137,5,2896,1206,1186,724,45.0898,500000,INLAND
-118.7678,36.0401,34,353,212,1842,106,61.9286,500000,INLAND
-116.9853,41.6148,38,1526,1526,1659,654,52.8579,500000,NEAR BAY
-116.4935,34.9051,4,807,1614,488,807,100.6755,500000,INLAND
-122.7427,33.5027,35,570,570,609,285,88.8691,500000,INLAND
-122.1325,33.9932,7,620,930,2889,465,47.546,500000,NEAR OCEAN
-116.8588,39.8509,23,1205,1205,1963,723,150.0,500000,<1H OCEAN
-123.1389,37.6073,34,2238,1119,3235,1119,71.1431,500000,<1H OCEAN
-119.3184,38.0283,45,396,119,544,119,32.8429,500000,INLAND
-118.8401,41.6932,28,1501,1126,1147,1126,29.1128,500000,NEAR OCEAN
-120.9065,37.296,23,1317,1646,636,988,85.5063,500000,ISLAND
-116.3366,33.6117,43,1022,2000,3241,1022,25.1992,500000,<1H OCEAN
-123.7458,39.3259,12,450,104,640,104,31.7135,500000,<1H OCEAN
-116.5256,34.4746,11,3046,1171,2822,703,35.1225,500000,NEAR BAY
-117.8397,38.0246,24,946,473,754,473,50.1981,500000,INLAND
-119.2278,40.6166,7,2952,1845,2574,1107,36.1078,500000,INLAND
-115.5763,37.0323,2,1804,1804,1647,902,18.401,500000,INLAND
-122.2775,35.4857,19,2125,797,3395,797,81.4373,500000,<1H OCEAN
-116.2923,37.9677,8,243,81,337,81,31.8153,500000,NEAR OCEAN
-122.4223,33.706,33,1760,704,1203,1056,136.2575,500000,NEAR BAY
-114.3955,35.4219,28,2043,817,2558,613,48.6659,500000,<1H OCEAN
-123.9724,37.2894,25,234,312,3213,234,86.7395,500000,INLAND
-118.768,34.9144,26,3516,703,1932,1055,59.2107,500000,<1H OCEAN
-122.6198,32.873,6,3993,2000,434,1089,89.2658,500000,INLAND
-120.2202,38.0588,21,621,1449,2239,621,57.0991,500000,INLAND
-122.8205,36.3118,4,2700,810,1725,810,46.6973,500000,NEAR BAY
-122.3617,36.2108,19,2753,1752,2734,751,78.1418,500000,NEAR BAY
-123.6902,41.9697,35,1724,265,1976,398,150.0,500000,<1H OCEAN
-124.22,33.5619,51,3336,910,3152,910,34.4913,500000,INLAND
-117.1069,33.9647,16,1197,399,517,1197,65.3359,500000,<1H OCEAN
-119.7654,40.8245,14,1124,1873,2221,1124,40.4246,500000,<1H OCEAN
-123.8441,33.7375,35,1118,1118,2607,839,54.9388,500000,NEAR BAY
-114.9103,41.2174,47,1392,309,1480,464,41.5909,500000,INLAND
-117.6439,38.8836,16,3646,1094,1715,1094,11.111,391800,<1H OCEAN
-121.6573,37.5175,43,3720,2000,2464,1116,35.9624,500000,<1H OCEAN
-119.913,35.1448,17,112,93,1648,56,73.8708,500000,<1H OCEAN
-119.4073,35.915,33,731,292,1434,439,25.6223,500000,<1H OCEAN
-118.6007,40.3466,11,685,228,2076,685,70.4676,500000,<1H OCEAN
-115.7255,33.0463,14,1666,238,2832,714,45.2748,500000,NEAR BAY
-118.401,39.8012,51,1738,579,558,869,36.1505,500000,INLAND
-114.5127,40.3643,20,1280,1280,3071,640,69.8307,500000,<1H OCEAN
-117.0319,39.2067,1,65,21,780,65,61.0201,500000,<1H OCEAN
-114.4148,33.0178,40,480,160,432,240,52.1912,500000,ISLAND
-118.7925,39.5552,7,3704,308,714,926,74.5989,500000,<1H OCEAN
-117.5155,39.3701,6,1411,1411,360,847,45.8073,500000,<1H OCEAN
-116.921,32.6244,43,3196,1598,3336,799,15.1165,500000,<1H OCEAN
-116.7525,40.9767,18,557,742,1092,557,32.3209,500000,<1H OCEAN
-124.0557,33.7559,8,1216,851,2728,365,13.7349,500000,NEAR BAY
-123.0253,41.6274,50,538,673,720,404,60.1598,500000,INLAND
-122.0228,33.1723,15,1964,1684,1899,842,69.429,500000,<1H OCEAN
-121.5851,34.7615,33,2725,629,1548,629,71.3506,500000,INLAND
-115.2463,39.0573,14,733,466,2342,200,54.3825,500000,NEAR OCEAN
-117.074,33.8038,30,1357,848,3460,509,72.4821,500000,NEAR BAY
-122.8672,34.2572,36,2991,332,2309,997,15.7466,458100,INLAND
-120.0364,32.6061,39,2460,246,2486,738,38.0174,500000,NEAR BAY
-121.8688,40.3516,21,3835,2000,991,1046,17.3507,500000,<1H OCEAN
-116.0014,32.8574,32,1902,422,514,634,32.7069,500000,INLAND
-115.122,38.5094,43,1621,810,394,608,106.9473,500000,NEAR BAY
-122.6571,38.0319,43,1141,2000,1120,1141,78.142,500000,ISLAND
-120.1343,37.3568,39,2743,1266,1986,633,60.3377,500000,INLAND
-114.7716,36.064,21,615,68,305,205,36.3652,500000,<1H OCEAN
-117.7291,35.3458,28,1024,853,994,512,22.3411,500000,NEAR BAY
-115.619,41.591,50,1058,1852,2246,794,45.3678,500000,INLAND
-120.7231,39.9609,13,1341,447,3069,447,78.9639,500000,<1H OCEAN
-122.203,41.266,36,1910,694,3464,521,51.8579,500000,<1H OCEAN
-117.387,39.472,41,3861,702,902,1053,15.661,500000,<1H OCEAN
-122.9257,40.3756,25,2200,1100,447,550,43.1789,500000,NEAR BAY
-115.901,41.6597,45,1600,133,2047,400,12.866,500000,ISLAND
-116.7516,36.8096,22,519,230,3289,173,65.6998,500000,<1H OCEAN
-121.2509,41.1155,43,2223,513,1528,513,26.7566,500000,<1H OCEAN
-119.3129,32.9092,33,931,1551,3174,931,19.4668,500000,INLAND
-116.3081,33.5248,3,919,525,2625,394,66.2439,500000,INLAND
-114.9509,37.1586,42,1576,1379,3155,591,56.7248,500000,NEAR OCEAN
-120.7784,36.8127,36,2683,1878,3332,805,46.6198,500000,NEAR OCEAN
-116.4001,36.663,12,2234,744,465,1117,150.0,500000,<1H OCEAN
-122.3553,37.6033,36,1972,328,1499,986,59.3579,500000,<1H OCEAN
-115.2646,37.6145,27,1516,505,269,379,27.5392,500000,INLAND
-117.4375,40.7704,49,793,396,250,238,55.3738,500000,NEAR BAY
-122.7726,35.7862,16,2463,1642,1715,821,34.156,500000,INLAND
-116.9017,35.5043,14,570,456,2348,342,86.7162,500000,NEAR BAY
-117.0594,39.168,3,1336,835,3112,501,47.9986,500000,NEAR OCEAN
-116.877,38.6605,41,394,56,539,169,50.9344,500000,INLAND
-120.8512,40.3835,51,2820,1880,213,940,17.0673,453600,INLAND
-116.902,35.4381,36,1014,234,455,234,42.0726,500000,<1H OCEAN
-116.0343,32.5607,19,974,487,3251,487,39.2058,500000,ISLAND
-120.8287,41.4686,45,1895,517,2349,517,21.9344,500000,INLAND
-122.2204,32.9201,13,294,32,1736,98,35.5054,500000,INLAND
-115.4212,38.9601,36,2512,1256,449,942,52.6695,500000,INLAND
-118.0931,35.5574,31,3297,761,1360,761,40.4463,500000,NEAR BAY
-119.6961,36.5236,44,896,448,537,672,17.3801,500000,NEAR BAY
-115.5026,40.4613,50,846,169,202,254,34.4206,500000,<1H OCEAN
-122.9399,36.486,19,259,37,1592,111,30.6236,500000,INLAND
-116.1942,33.8715,5,376,263,1808,113,45.5447,500000,INLAND
-119.3918,39.6671,9,1024,768,1637,768,42.6874,500000,<1H OCEAN
-123.8748,32.692,38,3333,2000,3063,909,31.6778,500000,NEAR OCEAN
-114.5739,35.11,19,964,1928,3206,964,30.9442,500000,NEAR BAY
-116.5193,37.6117,8,1940,1293,513,970,42.221,500000,INLAND
-122.1524,36.6588,42,2008,1004,1038,502,72.2673,500000,<1H OCEAN
-115.063,38.3922,34,153,34,1803,51,47.9313,500000,<1H OCEAN
-114.9465,36.1228,7,882,220,1463,331,95.2425,500000,NEAR BAY
-116.2953,36.2106,37,1910,2000,1581,955,80.0379,500000,INLAND
-123.0283,35.8122,33,928,1546,2505,928,99.5435,500000,INLAND
-122.4362,40.9291,51,844,1055,711,633,92.1817,500000,<1H OCEAN
-116.7597,32.6643,51,256,179,2911,77,103.5811,500000,<1H OCEAN
-115.1619,41.4266,50,1886,314,1000,943,20.3016,500000,INLAND
-122.1498,35.9031,46,987,658,1287,987,59.8021,500000,<1H OCEAN
-119.6917,35.9664,41,725,725,853,311,84.2322,500000,INLAND
-122.7521,39.396,35,2272,324,2245,974,93.8785,500000,<1H OCEAN
-119.5199,36.1886,28,3401,1046,2465,785,25.5376,500000,INLAND
-117.8747,38.3581,41,1785,357,2222,1071,60.1603,500000,INLAND
-124.1145,41.0845,50,1283,770,1778,770,42.4237,500000,NEAR BAY
-117.8707,40.5389,6,202,101,1130,152,122.8325,500000,INLAND
-117.9025,37.396,7,1323,529,2438,794,17.6407,500000,<1H OCEAN
-119.7499,39.3082,26,461,346,503,173,25.5596,500000,NEAR OCEAN
-115.346,36.2281,15,578,231,1160,347,13.6837,457100,INLAND
-122.9518,39.8724,28,3510,2000,2420,1053,44.2279,500000,NEAR BAY
-123.7869,34.1167,16,4264,2000,2453,1163,150.0,500000,INLAND
-119.3417,32.9335,40,1589,794,1011,596,39.4873,500000,NEAR BAY
-118.9697,37.637,46,640,512,1260,384,43.0863,500000,INLAND
-121.6331,34.5457,15,2004,501,1182,501,56.4146,500000,NEAR OCEAN
-114.6837,39.4229,40,1421,546,3115,328,37.819,500000,INLAND
-121.7627,33.4626,6,3072,1418,2046,709,50.5115,500000,<1H OCEAN
-121.5984,32.5807,41,2314,1246,503,534,51.3114,500000,INLAND
-116.1901,38.9192,36,429,78,646,117,24.4163,500000,<1H OCEAN
-115.0718,37.2576,37,2753,1251,335,751,38.3271,500000,NEAR BAY
-118.9386,41.5441,26,3423,263,921,790,63.2911,500000,NEAR OCEAN
-124.1095,34.8511,6,1634,1089,855,817,70.7909,500000,<1H OCEAN
-120.7457,33.6709,43,4922,378,1616,1136,88.3836,500000,<1H OCEAN
-122.0606,32.7195,6,859,1145,2640,859,49.5929,500000,<1H OCEAN
-119.1898,36.7203,25,3308,1654,3086,827,50.2021,500000,ISLAND
-117.4743,33.4578,9,586,586,1999,293,63.6052,500000,NEAR OCEAN
-120.3756,39.8686,44,1168,1168,2725,584,28.3811,500000,<1H OCEAN
-118.9264,33.1839,30,1830,915,2326,549,27.6913,500000,<1H OCEAN
-116.7014,41.2472,26,1540,1925,1179,1155,37.6264,500000,INLAND
-121.8385,37.6381,17,2578,198,2180,595,18.87,500000,<1H OCEAN
-122.3403,39.1155,40,2803,1682,1127,841,51.7656,500000,NEAR OCEAN
-116.2437,33.7437,11,671,1118,1149,671,76.0989,500000,NEAR OCEAN
-123.9298,33.3503,37,460,76,3456,115,26.4845,500000,INLAND
-122.794,35.86,50,1500,1875,3196,1125,52.6504,500000,NEAR BAY
-124.1764,37.4441,14,3280,820,2321,820,27.802,500000,INLAND
-118.7462,37.9673,35,1151,418,2116,314,22.0352,500000,ISLAND
-118.2991,35.633,16,393,236,2430,118,139.2014,500000,<1H OCEAN
-118.9897,35.0903,48,3381,1127,2660,1127,22.2256,500000,NEAR OCEAN
-120.1573,41.8234,46,1612,940,287,403,18.8214,500000,<1H OCEAN
-119.0097,35.0903,17,276,69,1318,69,46.1277,500000,NEAR OCEAN
-122.3606,33.8103,12,2526,1010,456,758,47.6412,500000,INLAND
-116.0376,35.9149,5,90,22,1899,68,60.517,500000,NEAR BAY
-114.4923,35.3868,36,990,99,1101,297,134.7366,500000,<1H OCEAN
-118.8938,36.5065,47,1795,718,1222,1077,25.4396,500000,NEAR BAY
-120.5564,38.4253,8,93,217,2962,93,28.6606,500000,<1H OCEAN
-116.3822,38.2299,42,1220,610,793,915,106.4705,500000,NEAR OCEAN
-122.3693,39.1338,39,2026,760,3196,760,71.2403,500000,<1H OCEAN
-121.0923,33.9885,25,1737,802,1530,401,65.5382,500000,NEAR OCEAN
-114.9002,32.9365,12,378,378,749,378,28.4647,500000,NEAR BAY
-122.4371,40.0127,34,596,1192,587,596,79.6879,500000,INLAND
-123.1788,34.563,31,882,220,2528,662,65.6603,500000,NEAR OCEAN
-118.8365,35.4988,42,1788,357,3168,1073,45.4361,500000,INLAND
-118.4258,36.829,29,933,116,3072,350,28.5492,500000,NEAR OCEAN
-118.3285,39.3049,3,2912,242,678,728,43.2329,500000,ISLAND
-122.6552,34.0541,11,839,1398,3088,839,109.0359,500000,INLAND
-117.0886,41.0728,20,234,21,866,64,21.0354,500000,INLAND
-121.8772,35.5545,26,4680,1800,1659,1080,25.0959,500000,NEAR BAY
-114.819,41.8353,18,1190,1983,118,1190,27.8241,500000,<1H OCEAN
-122.0204,35.2114,45,347,99,979,149,31.6929,500000,<1H OCEAN
-124.1269,39.3937,15,1287,117,1187,351,40.1709,500000,INLAND
-118.6215,36.0784,35,3180,636,3351,954,72.0765,500000,INLAND
-122.2715,40.4476,19,1633,653,1046,980,53.4867,500000,INLAND
-118.0143,36.8929,51,305,305,1040,229,42.0597,500000,NEAR OCEAN
-122.0079,40.7701,47,2578,2000,1029,1105,47.884,500000,NEAR BAY
-120.0192,39.6624,41,1712,570,959,428,58.9671,500000,NEAR OCEAN
-122.5049,38.0673,40,1677,645,1935,387,14.7842,500000,NEAR BAY
-120.0119,34.8749,33,1226,460,799,460,77.1333,500000,<1H OCEAN
-122.9348,34.9687,30,2192,274,1087,822,24.6984,500000,INLAND
-120.9203,41.9185,29,861,191,1910,287,31.0773,500000,<1H OCEAN
-122.3107,41.2912,2,1797,898,2671,674,49.7418,500000,INLAND
-116.139,33.815,48,453,317,464,136,38.7582,500000,INLAND
-117.0065,34.4386,51,436,145,1285,218,54.3119,500000,INLAND
-122.6318,33.5147,27,2488,2000,2040,933,44.1539,500000,NEAR BAY
-123.471,34.4127,45,1473,818,3217,491,34.0894,500000,<1H OCEAN
-124.0426,35.2573,21,2886,962,3308,962,101.4778,500000,NEAR BAY
-122.0333,40.4575,6,3891,1496,3065,898,62.018,500000,<1H OCEAN
-119.4982,33.4042,43,4385,1993,1816,1196,48.6113,500000,NEAR BAY
-120.3012,40.8801,26,762,346,433,208,61.4422,500000,<1H OCEAN
-114.585,41.7333,48,4121,2000,3382,1124,26.5595,500000,INLAND
-116.3775,35.1765,11,2866,1791,2213,1075,149.5227,500000,NEAR OCEAN
-123.5181,36.8342,25,1098,183,3179,549,21.1154,500000,INLAND
-122.7107,37.5286,35,546,205,3230,205,43.4012,500000,NEAR BAY
-124.034,34.454,7,879,473,2793,203,34.1489,500000,INLAND
-122.9177,39.45,51,2548,424,1528,637,33.3793,500000,NEAR BAY
-119.0058,38.01,32,124,82,2167,62,30.8776,500000,<1H OCEAN
-123.5326,33.5657,9,426,213,2449,160,25.5225,500000,<1H OCEAN
-123.7013,41.0118,38,1101,881,3094,661,82.7307,500000,NEAR OCEAN
-123.1184,35.3708,45,697,1626,868,697,19.6832,500000,INLAND
-117.6059,33.9843,20,2078,1385,1986,1039,73.1655,500000,<1H OCEAN
-124.1064,41.8276,32,1560,390,2125,1170,59.842,500000,INLAND
-114.6037,33.4776,39,716,238,804,358,32.2672,500000,NEAR OCEAN
-120.4921,33.0671,8,429,715,1466,429,55.821,500000,NEAR BAY
-120.9341,34.7568,28,556,556,3245,278,36.8865,500000,INLAND
-119.5519,35.533,29,1026,513,154,308,20.9467,500000,<1H OCEAN
-119.1214,36.6211,16,2216,1108,1807,554,21.08,500000,NEAR BAY
-120.0999,39.0091,16,4768,794,2171,1192,60.0904,500000,NEAR OCEAN
-119.4367,35.9743,33,3231,359,3186,1077,58.249,500000,NEAR BAY
-120.9027,37.8137,39,3300,2000,1063,1100,46.8894,500000,INLAND
-121.0799,32.5552,20,2465,758,1436,569,32.0621,500000,NEAR BAY
-124.0268,36.1565,8,2415,1610,373,805,36.1735,500000,INLAND
-117.582,41.4772,41,881,2000,1241,881,33.3565,500000,INLAND
-118.1273,39.861,9,1425,219,3490,329,14.2167,413800,INLAND
-117.6118,39.5376,1,1743,1355,2704,581,42.0701,500000,INLAND
-114.8894,35.3929,17,2273,682,1556,682,55.482,500000,INLAND
-119.5692,37.1377,42,637,796,2257,478,42.2308,500000,<1H OCEAN
-115.4823,40.523,39,1584,594,3379,594,117.2226,500000,NEAR BAY
-119.8606,40.8615,16,1485,371,1595,557,22.1946,500000,INLAND
-119.5239,39.2502,27,440,280,1101,120,27.2737,500000,<1H OCEAN
-117.9705,36.8371,49,2177,933,3087,933,43.9212,500000,NEAR BAY
-122.141,33.1951,37,2170,361,2991,1085,46.9388,500000,NEAR OCEAN
-122.1264,33.6339,39,3056,611,1856,917,12.9599,500000,<1H OCEAN
-119.2017,32.5028,5,1123,2000,140,1123,58.2185,500000,NEAR BAY
-123.6139,35.9124,13,2002,1092,143,546,47.0671,500000,NEAR OCEAN
-121.9334,32.7221,6,114,190,499,114,11.3697,299600,INLAND
-116.3659,36.6327,50,595,714,2456,357,37.8095,500000,INLAND
-119.6627,38.1766,18,2752,1720,696,1032,24.9646,500000,NEAR BAY
-124.0338,38.1609,26,348,487,314,209,30.8949,500000,<1H OCEAN
-123.6926,37.7753,29,679,226,2418,679,18.1691,500000,INLAND
-115.1048,34.6486,27,119,20,1735,51,52.0549,500000,<1H OCEAN
-114.7328,37.4323,3,1406,703,1903,422,116.7052,500000,INLAND
-117.889,41.8084,47,300,420,753,180,47.5413,500000,<1H OCEAN
-122.4505,36.7239,20,360,300,830,180,11.1001,408900,<1H OCEAN
-120.6191,40.8077,47,796,557,922,239,48.1318,500000,NEAR BAY
-121.2453,36.1234,40,2894,668,2289,668,36.0823,500000,<1H OCEAN
-116.4484,38.4189,36,2248,1405,3431,843,20.9466,500000,<1H OCEAN
-118.9291,37.0775,36,1143,508,3213,381,50.137,500000,INLAND
-116.5034,39.0419,50,3960,2000,485,990,68.7477,500000,INLAND
-120.6949,41.0251,16,500,833,2410,500,27.153,500000,NEAR BAY
-115.6049,36.6886,17,3887,1196,2676,897,15.1249,487700,INLAND
-120.0084,39.6953,35,1757,439,237,659,12.1288,384700,<1H OCEAN
-120.1263,40.8841,12,2055,881,2267,881,27.1988,500000,<1H OCEAN
-119.409,40.0007,42,3525,391,1611,1175,36.9396,500000,NEAR OCEAN
-118.3819,32.7333,2,5169,795,763,1193,29.7545,500000,INLAND
-115.3589,32.5018,46,3141,966,2784,725,26.9132,500000,INLAND
-119.7224,40.8881,18,4238,385,3280,1156,57.0156,500000,<1H OCEAN
-114.9986,39.4285,1,2282,1141,2134,856,53.5321,500000,NEAR BAY
-120.3633,41.6023,31,478,119,784,359,45.7111,500000,INLAND
-121.0543,35.2786,15,1875,750,1558,1125,66.1866,500000,INLAND
-121.3495,39.9857,16,864,360,1852,216,27.3523,500000,INLAND
-124.0885,40.1145,25,784,196,3167,588,21.0279,500000,NEAR OCEAN
-115.8086,40.6446,30,602,226,2787,226,29.6418,500000,<1H OCEAN
-123.5077,39.0743,7,2221,634,2380,952,28.4402,500000,INLAND
-120.9567,33.8139,3,3596,359,2696,1079,11.8439,384700,INLAND
-121.7954,38.969,24,1982,660,2459,991,29.2314,500000,<1H OCEAN
-116.8556,38.2426,19,556,55,1187,167,78.6884,500000,NEAR BAY
-114.9741,35.6699,30,962,120,553,361,65.5686,500000,INLAND
-116.1329,34.4818,39,1764,735,2953,441,55.5729,500000,<1H OCEAN
-121.1,40.9084,32,303,60,1983,182,43.8843,500000,INLAND
-119.7424,33.8485,6,2416,1537,3371,659,96.7301,500000,INLAND
-121.8296,36.5109,51,296,118,2415,89,21.4663,500000,<1H OCEAN
-115.0602,38.4166,37,3020,755,1711,755,22.7301,500000,<1H OCEAN
-123.1126,41.7321,3,1893,1656,2298,710,79.6118,500000,INLAND
-114.7805,38.8743,39,1470,1470,2317,735,41.2293,500000,<1H OCEAN
-116.1634,35.3963,45,2930,1099,3437,1099,27.1093,500000,INLAND
-117.1842,33.0763,30,4134,2000,1339,954,56.4717,500000,NEAR BAY
-116.5601,35.5182,43,580,464,1392,348,31.1715,500000,NEAR OCEAN
-120.9065,35.2815,46,2356,1178,1303,707,24.5342,500000,NEAR BAY
-121.3411,40.2813,50,1620,2000,466,972,24.128,500000,<1H OCEAN
-120.4858,36.0776,49,3769,2000,1697,1028,49.1814,500000,INLAND
-122.4839,33.4353,10,1841,1315,1614,789,45.8821,500000,NEAR BAY
-116.8364,40.7648,2,588,245,770,147,100.7491,500000,<1H OCEAN
-119.5496,32.6715,34,732,915,2871,549,34.0739,500000,NEAR BAY
-115.4419,32.5286,35,1382,2000,2443,1037,33.7269,500000,INLAND
-115.5162,37.0102,30,580,223,921,134,96.1938,500000,INLAND
-122.7415,33.1576,13,1456,728,662,728,73.257,500000,NEAR BAY
-122.1118,34.1825,49,671,223,2201,671,44.2353,500000,<1H OCEAN
-120.1936,41.8602,21,1224,612,117,306,15.8946,500000,<1H OCEAN
-123.1119,40.5215,38,1038,593,613,445,24.9151,500000,NEAR OCEAN
-117.4057,39.7584,32,5087,1174,1594,1174,21.5447,500000,NEAR BAY
-116.924,38.8725,46,1712,1712,3468,734,41.4487,500000,INLAND
-117.0865,32.9542,37,4143,753,359,1130,29.8917,500000,<1H OCEAN
-119.5979,40.4411,33,1776,197,1897,592,106.0943,500000,INLAND
-115.8678,36.9763,43,2725,2000,2012,1022,15.7955,500000,NEAR OCEAN
-118.2415,33.434,3,2032,1778,956,762,20.202,500000,<1H OCEAN
-114.3639,35.3571,36,1830,2000,1869,1098,46.9631,500000,INLAND
-116.1456,37.2687,30,1558,991,2256,425,55.4481,500000,<1H OCEAN
-117.0774,32.6301,40,1304,1141,566,489,8.5875,189000,INLAND
-123.067,34.898,12,96,160,3344,96,14.3154,446700,<1H OCEAN
-115.974,35.6913,31,725,725,936,311,34.6197,500000,<1H OCEAN
-121.2443,36.906,15,487,209,1353,209,91.4883,500000,NEAR BAY
-120.1109,32.5188,6,1040,520,183,260,125.869,500000,NEAR BAY
-119.6724,37.8717,30,942,134,2117,404,31.6231,500000,NEAR OCEAN
-120.9869,34.3775,2,3162,1405,2119,1054,36.6054,500000,INLAND
-123.2156,38.1739,5,485,485,494,485,24.544,500000,<1H OCEAN
-122.3064,34.7719,28,2333,2000,1095,1000,59.294,500000,<1H OCEAN
-116.2653,36.3258,46,1972,1314,2706,986,101.4639,500000,INLAND
-117.7773,38.4245,37,3141,785,2524,1178,86.1593,500000,<1H OCEAN
-114.8716,38.7374,1,2536,845,1144,634,39.8525,500000,<1H OCEAN
-116.0893,32.7907,6,4441,341,2241,1025,24.5194,500000,INLAND
-120.2778,37.5832,22,1064,177,2639,532,40.7519,500000,<1H OCEAN
-116.4379,40.2581,22,2331,1036,1370,777,92.8567,500000,<1H OCEAN
-118.5357,34.461,3,4255,1636,697,982,31.8894,500000,<1H OCEAN
-121.437,37.5539,14,355,355,173,213,13.6444,478000,NEAR BAY
-114.5491,36.7523,7,270,38,3346,116,32.674,500000,INLAND
-115.0151,40.5744,29,637,398,1188,239,34.3008,500000,INLAND
-123.178,36.6682,34,879,293,2840,879,13.5964,500000,ISLAND
-115.9058,41.4665,20,1584,1188,1204,594,46.6096,500000,<1H OCEAN
-123.5231,38.6981,30,496,124,2521,372,54.937,500000,INLAND
-115.0118,37.8331,11,1864,310,1231,932,123.7818,500000,NEAR OCEAN
-118.0583,35.2732,44,89,89,2165,67,18.2316,500000,INLAND
-122.6342,38.167,1,913,498,3341,249,62.8592,500000,NEAR OCEAN
-116.1274,33.7468,26,2360,1180,2662,590,72.4348,500000,ISLAND
-119.1422,36.4543,17,1836,1836,659,1102,55.3877,500000,INLAND
-123.7045,35.2021,23,911,607,1880,911,22.1648,500000,ISLAND
-116.3157,38.8676,27,2229,1950,1018,836,21.4051,500000,INLAND
-116.4166,39.758,33,1156,289,845,867,42.9872,500000,<1H OCEAN
-119.4794,41.322,48,954,409,2930,409,42.8066,500000,NEAR OCEAN
-116.9889,34.61,29,1506,1130,3440,565,28.9892,500000,INLAND
-123.8985,40.9051,12,2848,1780,3245,1068,88.0203,500000,NEAR BAY
-121.1189,40.5365,27,2370,1778,2952,889,31.885,500000,<1H OCEAN
-117.5678,40.6931,27,2214,1476,1692,738,13.0184,421900,<1H OCEAN
-121.9939,39.5345,45,193,338,1888,145,35.451,500000,INLAND
-119.7959,35.0434,29,2976,1190,1936,893,54.0954,500000,<1H OCEAN
-114.9805,40.8398,45,1566,940,2603,470,49.7874,500000,<1H OCEAN
-116.0325,38.1957,34,657,328,279,493,49.5568,500000,<1H OCEAN
-118.72,39.5358,30,1922,549,2911,824,99.3827,500000,NEAR BAY
-118.5328,34.4499,17,1004,167,2847,502,20.7742,500000,NEAR OCEAN
-115.4299,33.9954,14,1652,472,3483,708,31.4488,500000,<1H OCEAN
-115.6694,35.1301,6,234,21,2121,64,102.4749,500000,<1H OCEAN
-123.417,37.358,28,786,524,1654,262,12.4557,396800,<1H OCEAN
-119.6442,36.4579,47,2672,890,1728,668,39.2664,500000,INLAND
-122.3915,40.9323,1,3453,1534,2208,1151,84.7697,500000,INLAND
-123.4678,32.6237,49,924,1540,1128,924,84.015,500000,<1H OCEAN
-121.376,33.2605,44,1766,530,2741,530,60.2592,500000,<1H OCEAN
-118.1936,35.5914,23,1164,1552,1608,1164,61.1817,500000,NEAR OCEAN
-116.3563,34.0935,16,732,122,1057,366,21.7143,500000,INLAND
-115.1752,36.3641,30,4662,1793,2600,1076,92.4337,500000,INLAND
-120.0704,39.3171,44,2223,1197,1245,513,19.738,500000,<1H OCEAN
-120.0768,41.9375,2,200,50,374,150,20.4572,500000,ISLAND
-122.7675,34.4197,23,225,20,1875,52,51.178,500000,INLAND
-122.3516,35.0268,3,5100,392,1823,1177,30.1678,500000,<1H OCEAN
-123.2751,39.803,33,3152,1313,1090,788,45.9063,500000,NEAR OCEAN
-114.541,35.0845,4,884,442,217,221,52.5122,500000,NEAR OCEAN
-123.024,39.1856,17,1190,2000,1717,1190,117.8545,500000,INLAND
-116.7336,38.0431,38,129,194,2725,97,52.6055,500000,INLAND
-121.1224,40.6215,39,1302,723,2825,434,27.9793,500000,<1H OCEAN
-118.9285,32.8167,12,1214,1518,817,911,60.854,500000,<1H OCEAN
-115.5729,41.8076,27,185,74,1563,111,24.6193,500000,<1H OCEAN
-114.9383,41.6604,10,4727,2000,3171,1091,70.139,500000,INLAND
-121.8977,32.7127,31,3592,552,1271,829,42.1554,500000,<1H OCEAN
-115.1873,37.2453,1,1903,2000,1718,1142,51.5685,500000,<1H OCEAN
-121.7795,36.3135,42,2698,337,2410,1012,13.9321,446300,NEAR OCEAN
-116.252,34.9145,2,2661,2000,1654,998,10.508,408200,NEAR BAY
-124.1475,41.7893,32,518,414,2960,311,16.4731,469600,INLAND
-118.9477,34.1587,21,475,475,1325,285,115.5898,500000,<1H OCEAN
-117.0419,35.0038,12,765,218,1773,328,20.3624,500000,NEAR BAY
-115.9106,32.5781,28,681,227,1855,227,62.9267,500000,NEAR BAY
-115.8887,38.0121,8,2981,1897,2630,813,27.5896,500000,<1H OCEAN
-121.3113,40.6776,30,468,39,1249,117,35.1128,500000,<1H OCEAN
-115.7685,38.4082,33,542,361,1036,542,39.4784,500000,<1H OCEAN
-121.0635,38.6903,24,2396,1198,1323,719,108.7283,500000,INLAND
-121.9623,33.13,19,2007,1338,890,669,57.5865,500000,<1H OCEAN
-124.2853,39.2907,24,610,813,765,610,51.0908,500000,NEAR BAY
-121.9428,36.3855,49,1224,102,2885,306,88.288,500000,<1H OCEAN
-123.1156,37.0003,39,525,116,1273,175,27.7342,500000,NEAR BAY
-117.5506,38.0576,1,3953,2000,1018,1186,76.9835,500000,NEAR BAY
-122.8521,41.766,15,1946,389,2859,584,69.6419,500000,<1H OCEAN
-118.4462,39.6077,2,1468,1223,2780,734,69.1671,500000,INLAND
-123.0353,38.9973,13,1170,1638,935,702,36.9503,500000,INLAND
-117.2558,36.603,40,1106,474,1136,474,31.1931,500000,INLAND
-121.4445,32.8273,44,3230,293,2892,881,24.0634,500000,INLAND
-121.213,37.6175,24,1606,964,1044,482,24.985,500000,<1H OCEAN
-117.8961,38.7784,36,1578,1052,3028,526,23.3916,500000,<1H OCEAN
-114.9105,39.1898,19,1297,1621,2200,973,50.5364,500000,NEAR BAY
-114.384,38.2749,25,416,970,2365,416,35.3601,500000,INLAND
-120.7274,35.3535,43,2846,1708,1915,854,52.5321,500000,<1H OCEAN
-114.8367,34.5998,15,3531,1358,204,815,54.3429,500000,<1H OCEAN
-118.1768,33.3559,17,170,85,2903,85,21.4716,500000,NEAR OCEAN
-115.2353,39.1769,7,1950,278,2007,836,21.0884,500000,NEAR BAY
-124.0215,41.7225,12,4207,1942,687,971,35.3532,500000,NEAR BAY
-123.9683,37.4877,2,600,720,2932,360,25.4703,500000,NEAR OCEAN
-123.5543,38.8952,42,2936,1835,1097,1101,23.911,500000,<1H OCEAN
-116.2561,39.0797,44,72,120,1343,72,112.1679,500000,<1H OCEAN
-122.9204,34.0337,22,426,512,2273,256,16.1605,500000,NEAR BAY
-122.5341,34.3221,31,2653,758,1061,1137,136.5135,500000,<1H OCEAN
-118.446,34.4777,13,3443,344,121,1033,48.2266,500000,NEAR OCEAN
-114.7255,41.362,3,1836,1530,1192,918,73.283,500000,INLAND
-118.6289,32.648,27,1984,1736,2422,744,68.2778,500000,<1H OCEAN
-116.974,37.6411,9,562,93,1538,281,58.7188,500000,<1H OCEAN
-122.4227,36.0832,44,816,204,2522,612,109.9125,500000,<1H OCEAN
-115.1583,38.7638,15,2566,1166,338,700,21.1816,500000,INLAND
-123.7412,34.5947,38,510,153,975,153,36.9202,500000,<1H OCEAN
-121.4718,41.6311,14,2446,1712,908,734,24.3097,500000,NEAR BAY
-119.7628,35.6465,7,456,202,317,152,14.6573,423000,INLAND
-122.0383,41.2963,28,258,258,2299,194,27.2715,500000,INLAND
-117.6624,38.0974,10,653,81,814,245,124.7253,500000,NEAR OCEAN
-117.5121,36.4374,21,900,630,1706,270,36.5436,500000,INLAND
-122.1814,39.4719,15,384,144,3467,144,133.3123,500000,<1H OCEAN
-124.2141,37.7541,45,3833,1533,940,1150,141.7523,500000,INLAND
-123.5568,33.8165,26,1944,1620,762,972,150.0,500000,NEAR OCEAN
-124.2957,39.1926,37,1690,1479,3264,634,127.2153,500000,NEAR BAY
-115.2461,38.0052,31,1103,946,1315,473,150.0,500000,<1H OCEAN
-118.0833,37.8736,47,1170,540,1104,270,49.2882,500000,<1H OCEAN
-122.9156,39.5124,23,1521,380,2546,1141,46.506,500000,ISLAND
-123.3749,38.7081,45,1934,322,539,967,48.3995,500000,NEAR OCEAN
-116.1241,35.9793,46,3046,1828,1385,914,40.5535,500000,INLAND
-116.1896,35.5256,47,591,1379,777,591,44.362,500000,<1H OCEAN
-115.0262,34.8828,36,216,135,3132,81,63.6815,500000,NEAR OCEAN
-122.7073,37.9639,50,784,1829,1108,784,30.6642,500000,NEAR BAY
-119.0773,35.3489,38,1626,610,2027,610,17.7433,500000,<1H OCEAN
-123.0852,33.644,16,784,392,1876,392,50.4386,500000,INLAND
-116.3436,39.9356,9,686,274,1775,412,26.7598,500000,INLAND
-120.1752,34.4868,11,309,232,325,116,28.4748,500000,NEAR OCEAN
-117.3417,34.0663,30,2104,1753,993,1052,37.2232,500000,<1H OCEAN
-123.9969,40.5655,9,239,159,3006,239,32.437,500000,<1H OCEAN
-116.5207,39.1702,13,2626,2000,1963,985,78.9339,500000,<1H OCEAN
-122.0051,39.7785,33,3504,389,3083,1168,36.6913,500000,NEAR BAY
-115.872,35.8284,17,340,204,2002,102,81.3577,500000,INLAND
-122.4414,38.3656,35,3068,511,1182,767,45.8876,500000,<1H OCEAN
-116.399,41.3558,51,420,252,1274,126,38.4542,500000,<1H OCEAN
-122.9589,35.1856,5,3685,1340,2736,1005,44.5903,500000,<1H OCEAN
-117.6658,33.1551,33,2110,422,908,633,18.6829,500000,INLAND
-116.5074,34.1233,42,246,24,2138,74,49.6715,500000,INLAND
-120.4377,41.0259,8,3439,1563,3281,938,67.498,500000,<1H OCEAN
-121.8567,35.1745,40,3100,620,2974,930,73.486,500000,NEAR BAY
-120.8547,37.1669,26,2968,1484,1417,1113,18.0164,500000,NEAR OCEAN
-121.3341,37.5784,33,2225,1416,1041,607,16.3005,471900,INLAND
-117.9693,41.6201,3,4862,2000,2213,1122,29.3853,500000,<1H OCEAN
-123.8544,35.3641,23,2173,1086,2174,815,93.0728,500000,<1H OCEAN
-123.8856,37.4532,19,1090,1308,2556,654,46.3013,500000,ISLAND
-121.4223,41.6022,8,1075,922,347,461,25.4768,500000,INLAND
-121.5303,34.4128,39,386,643,1935,386,16.9594,500000,<1H OCEAN
-122.5293,38.1799,26,1526,508,132,763,26.9018,500000,NEAR BAY
-117.1319,33.1043,45,3600,1800,3469,900,25.833,500000,<1H OCEAN
-124.0624,34.9983,9,120,30,3073,90,71.0906,500000,<1H OCEAN
-115.0577,33.1575,38,2092,697,2615,523,74.4488,500000,NEAR BAY
-116.7251,35.6365,31,306,204,1101,102,21.5989,500000,<1H OCEAN
-120.2704,34.4611,34,1012,674,2637,506,63.7191,500000,NEAR BAY
-115.7107,40.0849,16,2581,968,1614,968,59.9217,500000,<1H OCEAN
-118.1185,36.9023,36,3376,844,2306,844,19.9809,500000,<1H OCEAN
-118.5977,36.3475,13,257,257,888,193,38.563,500000,<1H OCEAN
-121.1698,39.0771,39,2622,1748,1713,874,49.7533,500000,INLAND
-117.669,41.4984,23,110,154,3081,66,44.7247,500000,<1H OCEAN
-122.9031,35.3647,25,170,128,745,64,14.5307,500000,NEAR OCEAN
-119.051,33.1341,30,4029,1099,1407,1099,43.8728,500000,NEAR OCEAN
-123.1389,33.5429,5,377,29,1091,87,59.403,500000,NEAR OCEAN
-119.8485,40.6435,19,591,473,709,355,104.6207,500000,<1H OCEAN
-118.1373,40.5356,11,670,469,1450,201,27.1482,500000,<1H OCEAN
-122.745,37.016,50,1677,1198,2167,719,29.2334,500000,INLAND
-122.0788,33.9026,22,1733,650,286,650,35.7756,500000,NEAR BAY
-116.1674,37.5016,1,1352,338,798,1014,48.2944,500000,NEAR BAY
-121.7429,38.85,2,4740,790,2878,1185,42.9826,500000,NEAR BAY
-123.3444,35.6562,47,1209,1814,986,907,58.2748,500000,INLAND
-120.9931,33.2839,8,586,976,1241,586,20.645,500000,INLAND
-114.9486,35.5584,1,377,137,2387,103,51.4545,500000,<1H OCEAN
-117.3622,39.0605,11,2590,1110,2637,1110,25.9782,500000,NEAR OCEAN
-118.5457,41.7945,12,695,463,3361,695,37.2103,500000,INLAND
-115.8958,34.3059,5,1000,700,639,300,113.0006,500000,NEAR BAY
-117.6981,41.1883,51,1346,897,2666,673,17.5252,500000,<1H OCEAN
-116.1885,36.8379,4,2166,1000,2560,500,34.2917,500000,NEAR BAY
-117.7284,38.8006,38,1958,602,522,452,18.8742,500000,NEAR OCEAN
-115.6574,40.7051,43,1713,761,3080,571,44.4527,500000,INLAND
-118.0599,37.7959,33,2442,1526,1162,916,76.0602,500000,INLAND
-121.6513,33.0839,7,555,238,1538,238,44.8973,500000,INLAND
-123.8888,35.0249,38,3474,2000,2807,1158,37.8093,500000,<1H OCEAN
-123.2468,40.1276,17,484,161,1881,121,89.9835,500000,NEAR OCEAN
-119.1755,37.7525,21,730,438,1035,219,49.4463,500000,NEAR OCEAN
-114.5823,35.6262,13,1102,1929,1194,827,66.3089,500000,INLAND
-116.7054,38.0414,40,361,217,2616,217,62.2862,500000,<1H OCEAN
-116.5456,35.0514,30,2832,629,723,944,7.2199,246400,NEAR BAY
-117.6621,34.7896,8,2086,2000,1704,894,38.7288,500000,NEAR BAY
-115.2651,40.3697,21,1450,1088,2641,544,21.2369,500000,NEAR BAY
-116.9454,36.3006,41,1334,1144,3106,572,24.6554,500000,INLAND
-121.7164,35.1029,48,3597,2000,2908,1199,98.2325,500000,INLAND
-119.3052,36.3872,48,1606,321,1321,964,32.3852,500000,NEAR OCEAN
-120.2566,41.246,7,776,1810,775,776,126.2326,500000,NEAR BAY
-122.6461,34.2175,44,353,70,3277,212,17.4262,500000,<1H OCEAN
-122.0762,34.2597,29,2426,485,2131,728,21.1657,500000,NEAR BAY
-121.4484,35.8608,38,285,63,1485,95,64.0712,500000,ISLAND
-122.5636,33.0742,20,1243,113,3166,339,33.0414,500000,INLAND
-122.1269,33.2118,34,1136,284,2569,852,48.7635,500000,<1H OCEAN
-115.1361,32.6043,14,690,172,1720,518,37.9095,500000,INLAND
-120.8676,33.8888,27,1590,1590,763,1193,37.2272,500000,INLAND
-116.0248,38.5837,12,3390,1130,377,1130,33.7859,500000,<1H OCEAN
-123.6561,34.366,21,477,159,1904,159,45.1631,500000,<1H OCEAN
-114.4819,36.089,21,1420,710,488,1065,59.5948,500000,<1H OCEAN
-116.6521,39.2031,45,2433,2000,1154,1043,106.83,500000,<1H OCEAN
-115.2328,32.8023,33,172,172,2416,172,35.9122,500000,INLAND
-119.0409,34.4861,34,1479,657,143,493,32.0213,500000,<1H OCEAN
-117.9546,41.9609,15,3420,380,3463,1140,29.6395,500000,INLAND
-120.6918,38.1711,23,69,46,1586,69,97.9498,500000,INLAND
-119.9797,38.7698,25,117,78,3058,117,61.3613,500000,<1H OCEAN
-116.7926,37.4025,41,2120,1484,686,636,12.9768,447600,NEAR OCEAN
-123.8003,41.676,10,4584,764,1666,1146,12.6381,408700,<1H OCEAN
-123.9345,33.8708,3,1480,493,3359,370,24.6444,500000,INLAND
-115.5508,33.14,26,2814,1250,2249,938,46.5568,500000,NEAR BAY
-123.1999,40.2536,42,2258,282,2849,847,39.7458,500000,INLAND
-117.0897,32.5389,38,795,217,2429,217,55.227,500000,<1H OCEAN
-122.3046,37.8348,42,1524,127,2614,381,36.5002,500000,<1H OCEAN
-120.6379,32.5134,21,3068,511,1338,767,93.7879,500000,NEAR BAY
-121.3645,35.8083,12,1407,1005,1641,603,64.4476,500000,INLAND
-119.3966,38.6834,34,858,429,268,322,42.4841,500000,INLAND
-116.0334,37.6996,2,280,373,980,280,80.6234,500000,INLAND
-115.5447,37.8187,46,920,460,319,690,15.0781,500000,<1H OCEAN
-122.0796,33.9948,37,2338,1670,1202,1002,38.534,500000,INLAND
-120.9235,35.3,26,1921,1222,2567,524,44.0397,500000,INLAND
-115.9308,39.2453,11,2599,2000,794,1114,58.1954,500000,<1H OCEAN
-123.4036,32.7213,13,2451,544,1726,817,14.4904,470000,<1H OCEAN
-123.131,38.1552,51,2052,855,1976,513,34.6862,500000,<1H OCEAN
-119.5042,37.4121,1,2298,574,656,862,51.5659,500000,INLAND
-116.3986,35.7676,1,1132,1320,2858,566,53.9945,500000,<1H OCEAN
-120.9402,35.6804,18,3373,1226,2722,920,82.6209,500000,<1H OCEAN
-123.6057,40.09,12,2360,2000,737,1180,64.0387,500000,ISLAND
-114.6213,36.129,35,2230,1274,223,956,39.0982,500000,NEAR OCEAN
-114.9109,33.2587,3,852,355,115,213,60.7988,500000,<1H OCEAN
-117.781,41.6394,41,308,308,1095,132,35.937,500000,NEAR OCEAN
-117.4812,33.7385,40,1631,326,527,979,44.2852,500000,NEAR BAY
-114.963,40.0758,12,4096,2000,159,1024,65.331,500000,INLAND
-117.8614,32.6325,30,2340,936,1667,702,39.4646,500000,<1H OCEAN
-116.4159,35.9618,35,1213,110,1885,331,50.3893,500000,<1H OCEAN
-119.6648,37.3942,44,2124,1416,163,1062,72.195,500000,ISLAND
-122.02,32.7829,38,2071,188,2135,565,62.1707,500000,NEAR BAY
-115.9747,39.4738,50,1672,514,1471,386,85.0014,500000,INLAND
-117.4562,34.9755,6,628,628,781,471,150.0,500000,<1H OCEAN
-121.4044,37.6411,32,650,390,477,390,61.8271,500000,NEAR BAY
-118.0672,40.0271,40,1122,498,2681,374,30.7475,500000,NEAR OCEAN
-116.1352,38.1156,12,1413,706,466,424,55.1292,500000,<1H OCEAN
-121.5965,36.8283,12,825,1650,781,825,53.7249,500000,NEAR OCEAN
-116.6185,35.6931,5,207,69,2522,69,58.5975,500000,INLAND
-123.5766,32.9285,51,622,155,2240,467,99.444,500000,NEAR BAY
-118.0505,41.1737,45,1061,326,3498,245,14.7629,437400,<1H OCEAN
-114.3107,38.1233,7,2650,1855,237,795,100.5734,500000,<1H OCEAN
-115.6363,38.4996,13,5169,1193,761,1193,123.0801,500000,<1H OCEAN
-115.5434,36.6849,24,1593,318,2349,956,57.0214,500000,NEAR BAY
-117.4964,36.0408,46,1232,784,880,336,57.8507,500000,<1H OCEAN
-119.6881,32.9432,43,1493,640,1395,640,35.0788,500000,INLAND
-117.5278,34.1054,45,96,72,1107,72,40.7062,500000,NEAR BAY
-121.0881,36.5427,43,1397,524,2848,524,61.6428,500000,INLAND
-118.7723,34.7962,33,986,740,2769,370,59.3064,500000,<1H OCEAN
-118.9032,32.9222,15,1672,418,2839,627,62.4903,500000,NEAR BAY
-118.8627,37.6871,31,2076,865,1820,519,59.0619,500000,NEAR BAY
-120.1801,36.9091,26,1670,835,1758,835,69.5203,500000,NEAR BAY
-120.772,36.503,49,2263,679,2040,679,65.0122,500000,INLAND
-120.9965,39.9502,23,1881,752,328,1129,21.9326,500000,NEAR BAY
-122.0527,38.1955,39,512,256,1958,128,66.8162,500000,INLAND
-119.9145,32.5134,9,3029,1514,1040,1136,123.6849,500000,INLAND
-123.1225,39.7381,35,3512,2000,3287,958,39.9093,500000,NEAR BAY
-115.2843,37.0846,24,1448,1738,726,869,99.7107,500000,NEAR OCEAN
-123.6032,37.4097,23,1998,1998,218,999,23.3876,500000,NEAR OCEAN
-115.9258,40.9509,39,463,142,3375,107,39.8343,500000,NEAR BAY
-121.8875,33.5376,25,491,688,636,295,27.6021,500000,NEAR OCEAN
-115.7678,38.1943,4,150,83,1859,50,92.7695,500000,<1H OCEAN
-117.0973,35.1805,20,1936,1290,1399,968,108.5131,500000,INLAND
-115.0902,32.8488,50,1066,457,1015,457,38.2089,500000,NEAR BAY
-115.5977,36.6551,49,1550,1085,1759,465,81.8773,500000,INLAND
-117.2891,35.1943,32,2757,501,2590,752,109.176,500000,INLAND
-122.7832,32.5142,33,1429,1250,487,536,39.7589,500000,NEAR OCEAN
-118.8095,37.183,14,2606,521,2349,782,43.8352,500000,ISLAND
-120.9017,35.4557,40,1126,2000,3136,1126,62.976,500000,NEAR BAY
-115.4422,36.6242,31,718,287,1086,431,24.4606,500000,INLAND
-115.5777,32.6114,2,3941,2000,2404,1075,43.3213,500000,<1H OCEAN
-121.1596,36.3169,49,2206,1324,3229,662,146.6806,500000,NEAR BAY
-117.583,36.9688,44,481,962,3269,481,30.0414,500000,NEAR BAY
-120.9172,36.9272,5,4428,2000,2302,1107,67.6861,500000,NEAR OCEAN
-117.5181,39.3108,22,1425,814,3298,611,55.5269,500000,INLAND
-118.1613,41.9172,38,392,392,2742,196,36.7569,500000,NEAR BAY
-119.1905,32.7647,38,1010,505,1842,379,46.3202,500000,ISLAND
-115.5159,36.2623,9,2384,340,527,1022,116.0658,500000,INLAND
-121.8395,40.6388,3,1712,642,3000,642,56.5284,500000,<1H OCEAN
-116.3253,38.4441,51,925,231,1074,694,62.0833,500000,<1H OCEAN
-117.4049,41.8442,46,1112,1390,2604,834,105.9643,500000,INLAND
-121.4873,39.2775,38,1183,182,2292,273,34.0878,500000,INLAND
-120.0831,39.3803,34,572,156,1325,156,21.6377,500000,<1H OCEAN
-123.6099,33.2228,36,1112,1297,2733,556,117.1662,500000,<1H OCEAN
-118.3242,35.1149,24,4428,2000,2334,1107,44.0136,500000,NEAR BAY
-115.4211,38.0462,35,718,196,2634,196,69.3208,500000,<1H OCEAN
-123.1218,37.4627,16,2920,1168,3339,876,25.6665,500000,<1H OCEAN
-122.98,39.7446,5,3920,1960,1034,1176,51.198,500000,<1H OCEAN
-119.5543,41.9397,16,697,161,2697,161,20.998,500000,<1H OCEAN
-121.4877,34.4646,15,812,406,235,203,42.1329,500000,INLAND
-121.5307,36.5698,16,1748,699,2512,1049,27.4902,500000,<1H OCEAN
-117.9133,40.735,25,580,174,628,174,23.9506,500000,<1H OCEAN
-120.1974,40.4624,7,1206,603,854,905,33.8085,500000,NEAR BAY
-115.8535,40.2633,21,2576,1610,765,966,10.2426,363800,NEAR OCEAN
-120.0109,38.3937,24,410,683,2925,410,20.2194,500000,<1H OCEAN
-118.1472,41.9353,10,513,770,1371,385,64.8472,500000,<1H OCEAN
-120.3211,35.9001,24,2163,649,1424,649,49.9581,500000,<1H OCEAN
-121.7398,33.6048,35,1474,421,1328,632,21.2865,500000,INLAND
-119.5867,33.7593,22,1385,346,2221,1039,56.3346,500000,<1H OCEAN
-117.0952,36.6391,1,3167,1705,3214,731,23.9426,500000,<1H OCEAN
-114.7719,40.147,36,5039,1163,2404,1163,62.5373,500000,INLAND
-123.8783,36.802,30,541,650,444,325,37.8338,500000,INLAND
-118.9817,38.3081,22,1119,373,1851,373,33.3651,500000,<1H OCEAN
-117.9403,35.9012,2,654,327,465,327,38.3958,500000,<1H OCEAN
-123.4428,39.2909,5,2926,532,662,798,150.0,500000,NEAR OCEAN
-116.0083,33.9548,5,293,176,768,88,25.7209,500000,NEAR OCEAN
-121.5405,37.4411,44,2424,1039,2471,1039,46.4567,500000,INLAND
-115.5509,34.2587,16,4060,937,3076,937,64.8065,500000,INLAND
-118.7739,36.9516,22,4348,1976,940,1186,22.763,500000,NEAR OCEAN
-122.7792,36.5897,36,1536,1536,3303,1152,15.5807,500000,NEAR OCEAN
-116.9078,38.2433,34,305,262,1002,131,28.2735,500000,NEAR BAY
-122.7277,37.3407,4,3636,303,1144,909,63.9603,500000,ISLAND
-117.0962,41.7695,48,1677,1467,531,629,33.0289,500000,INLAND
-116.218,41.053,14,1193,596,258,895,35.3014,500000,INLAND
-118.5447,35.2937,40,3864,351,2207,1054,70.0386,500000,<1H OCEAN
-121.5891,33.6512,43,1920,240,1485,720,24.9976,500000,<1H OCEAN
-119.9266,33.1151,28,88,53,499,53,38.449,500000,INLAND
-119.0198,34.3809,9,3828,1044,2019,1044,16.3509,488500,INLAND
-117.6422,34.61,28,2208,184,1273,552,49.1569,500000,<1H OCEAN
-117.9607,40.9425,13,1731,961,1435,577,46.5389,500000,INLAND
-120.2958,41.286,44,2403,1201,3124,721,65.3598,500000,NEAR BAY
-116.7183,34.6895,39,1830,2000,1471,1098,20.3979,500000,<1H OCEAN
-116.5858,39.7079,43,2401,218,1640,655,36.1419,500000,INLAND
-117.3367,40.4398,43,1152,96,2436,288,18.831,500000,INLAND
-121.5785,36.0864,10,1486,594,3141,892,34.9851,500000,NEAR BAY
-119.606,40.7801,2,3367,1036,2609,777,98.6579,500000,NEAR BAY
-119.9724,41.8922,32,125,208,1775,125,33.4527,500000,<1H OCEAN
-116.1321,41.6941,32,1544,441,1139,662,17.8684,500000,INLAND
-116.2182,39.5481,45,953,953,708,953,26.9682,500000,NEAR OCEAN
-115.6392,36.0308,33,2487,1421,520,1066,15.4254,463400,INLAND
-121.9882,34.6566,41,1250,500,2680,375,18.6365,500000,INLAND
-116.8155,41.9323,18,2600,866,2605,650,60.6535,500000,<1H OCEAN
-115.596,35.1237,7,1329,1661,1301,997,17.0273,500000,NEAR BAY
-122.6351,36.6646,2,2884,1442,3291,721,48.91,500000,NEAR OCEAN
-123.9006,35.0092,23,2305,1064,3385,532,41.1832,500000,<1H OCEAN
-123.2449,37.2131,1,261,609,2210,261,29.4787,500000,NEAR BAY
-118.238,33.5486,27,429,99,991,99,46.4787,500000,<1H OCEAN
-120.0835,40.186,21,3372,843,1822,843,23.1036,500000,INLAND
-122.3495,37.2985,14,1158,772,2895,1158,67.1609,500000,<1H OCEAN
-119.017,36.4853,31,740,740,1823,740,26.6711,500000,NEAR BAY
-116.4448,35.9499,35,3156,1262,1779,947,32.1613,500000,INLAND
-115.7418,38.008,3,1932,1380,1911,828,29.9454,500000,NEAR BAY
-116.7828,39.9089,25,748,149,2963,449,61.33,500000,<1H OCEAN
-115.4449,41.0743,48,1519,1519,1496,651,56.2188,500000,INLAND
-118.2581,40.4944,16,720,120,722,360,8.4112,332900,ISLAND
-115.9293,36.7324,40,1326,306,1846,306,47.2348,500000,<1H OCEAN
-120.1281,40.4229,18,1211,969,2254,727,14.2368,500000,NEAR BAY
-115.7752,37.5218,14,792,792,3278,792,33.0424,500000,<1H OCEAN
-115.3419,38.5627,44,4740,790,484,1185,38.0036,500000,<1H OCEAN
-117.4359,38.9083,19,1284,428,3305,321,32.8302,500000,NEAR OCEAN
-119.9895,36.297,45,1532,127,2838,383,54.7664,500000,INLAND
-121.4833,37.1175,34,1044,482,2515,241,62.4665,500000,<1H OCEAN
-121.0482,39.0796,42,1140,1900,901,1140,25.4956,500000,INLAND
-122.9764,35.4253,42,3476,1896,801,948,24.9458,500000,<1H OCEAN
-123.8284,39.5957,47,715,858,1553,429,39.6862,500000,<1H OCEAN
-120.1558,35.864,29,2716,2000,720,1164,16.0602,500000,NEAR OCEAN
-123.8733,38.0622,49,2004,572,2330,859,30.4595,500000,<1H OCEAN
-115.4941,40.4574,4,2587,1194,2657,597,91.0521,500000,<1H OCEAN
-117.8004,32.7204,26,1301,650,1725,488,16.425,500000,NEAR OCEAN
-115.8633,34.7832,21,1173,234,2451,704,33.0663,500000,<1H OCEAN
-119.8558,37.8311,5,147,343,2748,147,28.4232,500000,<1H OCEAN
-122.0605,33.508,45,741,494,3203,247,135.0636,500000,NEAR BAY
-121.3972,34.4532,41,4504,750,2439,1126,29.3669,500000,<1H OCEAN
-115.7527,39.6163,39,956,669,894,287,30.4078,500000,<1H OCEAN
-123.0811,32.7453,33,1031,476,543,238,21.8484,500000,<1H OCEAN
-117.3173,38.2953,31,1038,1384,3297,1038,40.7794,500000,<1H OCEAN
-122.0431,32.8245,20,2650,757,2729,1136,47.6883,500000,<1H OCEAN
-120.7683,33.6013,35,2970,1980,2987,990,23.8335,500000,INLAND
-124.2695,36.2082,50,672,392,1539,168,73.3923,500000,NEAR OCEAN
-119.5091,41.6653,13,2028,676,635,1014,47.7139,500000,INLAND
-123.0165,37.6856,18,1186,118,2132,356,67.6079,500000,INLAND
-115.7035,35.4661,6,103,41,2275,62,33.3049,500000,INLAND
-123.3227,36.4076,47,3327,1109,836,1109,46.9224,500000,NEAR BAY
-121.7963,37.9033,28,1309,357,1697,357,35.6849,500000,<1H OCEAN
-124.152,38.3845,31,3228,1883,1538,807,97.2412,500000,NEAR BAY
-114.3712,35.0451,14,312,312,982,134,43.4818,500000,<1H OCEAN
-117.8856,34.3743,2,712,445,2878,267,40.7656,500000,ISLAND
-117.8642,37.2054,42,4248,708,1751,1062,30.8039,500000,<1H OCEAN
-119.1114,38.6261,44,2190,486,3249,730,29.7553,500000,INLAND
-115.6194,40.2575,18,2396,399,104,1198,46.7689,500000,NEAR BAY
-122.8581,38.1316,39,514,514,3291,257,66.3098,500000,<1H OCEAN
-116.3715,39.0781,30,3580,716,2349,1074,26.8926,500000,<1H OCEAN
-116.2288,37.0978,33,3516,2000,2480,1055,43.7518,500000,<1H OCEAN
-123.9387,37.8838,9,2965,1853,1078,1112,45.29,500000,<1H OCEAN
-122.9732,38.5368,32,142,142,368,107,50.2798,500000,INLAND
-118.8285,34.7451,9,226,396,886,170,14.5572,500000,<1H OCEAN
-123.3981,41.3737,12,1098,439,1604,659,23.2835,500000,INLAND
-121.4763,35.7807,19,183,244,1249,183,17.8692,500000,NEAR OCEAN
-120.2633,38.2445,11,325,81,756,122,41.3601,500000,<1H OCEAN
-122.7278,37.8291,47,2293,655,143,983,23.6178,500000,ISLAND
-117.2585,40.6068,2,1981,1981,2471,849,30.1095,500000,NEAR BAY
