order_id,customer_id,order_date,product_category,quantity,unit_price,total_amount,payment_method,returned
ORD-10000,CUST-4422,2022-01-01,Electronics,1,291.93,291.93,credit_card,0
ORD-10001,CUST-3360,2022-01-01,Home & Garden,1,70.07,70.07,credit_card,0
ORD-10002,CUST-2781,2022-01-02,Home & Garden,1,75.9,75.9,credit_card,0
ORD-10003,CUST-2080,2022-01-03,Electronics,3,167.39,502.17,paypal,0
ORD-10004,CUST-1405,2022-01-04,Beauty,2,58.13,116.26,paypal,0
ORD-10005,CUST-3338,2022-01-05,Beauty,1,58.75,58.75,paypal,0
ORD-10006,CUST-1563,2022-01-06,Electronics,1,260.15,260.15,debit_card,0
ORD-10007,CUST-4161,2022-01-07,Sports,1,90.96,90.96,bank_transfer,0
ORD-10008,CUST-2635,2022-01-08,Books,2,14.32,28.64,debit_card,0
ORD-10009,CUST-2400,2022-01-09,Clothing,2,97.35,194.7,paypal,0
ORD-10010,CUST-1106,2022-01-10,Books,2,29.54,59.08,credit_card,0
ORD-10011,CUST-1969,2022-01-11,Electronics,2,147.12,294.24,bank_transfer,0
ORD-10012,CUST-1053,2022-01-11,Electronics,1,282.51,282.51,credit_card,0
ORD-10013,CUST-3900,2022-01-12,Beauty,1,31.43,31.43,credit_card,0
ORD-10014,CUST-2959,2022-01-13,Books,1,34.41,34.41,credit_card,0
ORD-10015,CUST-4143,2022-01-14,Clothing,1,87.52,87.52,paypal,0
ORD-10016,CUST-3260,2022-01-15,Home & Garden,1,47.36,47.36,paypal,0
ORD-10017,CUST-4817,2022-01-16,Beauty,2,49.31,98.62,credit_card,0
ORD-10018,CUST-4135,2022-01-17,Home & Garden,1,98.47,98.47,debit_card,0
ORD-10019,CUST-1590,2022-01-18,Beauty,2,81.84,163.68,credit_card,0
ORD-10020,CUST-1466,2022-01-19,Beauty,1,28.12,28.12,credit_card,1
ORD-10021,CUST-4557,2022-01-20,Clothing,1,86.52,86.52,credit_card,0
ORD-10022,CUST-2076,2022-01-21,Sports,2,90.62,181.24,credit_card,1
ORD-10023,CUST-4060,2022-01-21,Books,1,11.08,11.08,debit_card,0
ORD-10024,CUST-3514,2022-01-22,Sports,1,85.68,85.68,credit_card,0
ORD-10025,CUST-3807,2022-01-23,Clothing,1,55.05,55.05,credit_card,0
ORD-10026,CUST-2067,2022-01-24,Electronics,2,103.76,207.52,credit_card,0
ORD-10027,CUST-2252,2022-01-25,Electronics,1,202.48,202.48,debit_card,0
ORD-10028,CUST-3219,2022-01-26,Books,4,30.43,121.72,bank_transfer,0
ORD-10029,CUST-1088,2022-01-27,Sports,5,98.58,492.9,paypal,0
ORD-10030,CUST-2246,2022-01-28,Sports,3,70.49,211.47,paypal,0
ORD-10031,CUST-3030,2022-01-29,Books,1,20.69,20.69,debit_card,0
ORD-10032,CUST-1817,2022-01-30,Electronics,2,179.67,359.34,credit_card,0
ORD-10033,CUST-2143,2022-01-31,Electronics,1,195.65,195.65,credit_card,0
ORD-10034,CUST-4934,2022-02-01,Sports,3,129.95,389.85,paypal,0
ORD-10035,CUST-2159,2022-02-01,Home & Garden,1,83.16,83.16,credit_card,0
ORD-10036,CUST-4609,2022-02-02,Sports,1,39.5,39.5,credit_card,0
ORD-10037,CUST-4708,2022-02-03,Electronics,1,139.51,139.51,credit_card,0
ORD-10038,CUST-3695,2022-02-04,Clothing,3,58.65,175.95,credit_card,0
ORD-10039,CUST-1611,2022-02-05,Beauty,3,57.99,173.97,paypal,0
ORD-10040,CUST-1822,2022-02-06,Electronics,1,273.44,273.44,credit_card,0
ORD-10041,CUST-4736,2022-02-07,Electronics,1,307.78,307.78,credit_card,0
ORD-10042,CUST-1005,2022-02-08,Books,2,23.15,46.3,debit_card,0
ORD-10043,CUST-3015,2022-02-09,Books,3,28.72,86.16,paypal,0
ORD-10044,CUST-3385,2022-02-10,Beauty,2,16.73,33.46,credit_card,0
ORD-10045,CUST-4353,2022-02-11,Beauty,1,46.88,46.88,credit_card,0
ORD-10046,CUST-4580,2022-02-11,Sports,2,51.29,102.58,credit_card,0
ORD-10047,CUST-2134,2022-02-12,Electronics,3,175.5,526.5,credit_card,0
ORD-10048,CUST-3010,2022-02-13,Home & Garden,1,165.9,165.9,credit_card,0
ORD-10049,CUST-3535,2022-02-14,Beauty,1,44.86,44.86,credit_card,0
ORD-10050,CUST-4860,2022-02-15,Home & Garden,1,49.09,49.09,debit_card,0
ORD-10051,CUST-3226,2022-02-16,Beauty,1,46.52,46.52,debit_card,0
ORD-10052,CUST-1487,2022-02-17,Books,2,17.45,34.9,debit_card,0
ORD-10053,CUST-4696,2022-02-18,Electronics,1,110.83,110.83,paypal,0
ORD-10054,CUST-3049,2022-02-19,Home & Garden,1,138.09,138.09,paypal,0
ORD-10055,CUST-1717,2022-02-20,Sports,1,128.41,128.41,paypal,0
ORD-10056,CUST-1761,2022-02-21,Electronics,3,204.88,614.64,debit_card,0
ORD-10057,CUST-1818,2022-02-22,Clothing,3,46.38,139.14,paypal,0
ORD-10058,CUST-3885,2022-02-22,Sports,1,78.81,78.81,paypal,1
ORD-10059,CUST-4795,2022-02-23,Electronics,2,291.06,582.12,debit_card,0
ORD-10060,CUST-2765,2022-02-24,Clothing,1,61.74,61.74,paypal,0
ORD-10061,CUST-1391,2022-02-25,Books,3,5.13,15.39,credit_card,0
ORD-10062,CUST-4553,2022-02-26,Sports,2,177.15,354.3,credit_card,0
ORD-10063,CUST-3538,2022-02-27,Home & Garden,1,80.49,80.49,credit_card,0
ORD-10064,CUST-3283,2022-02-28,Beauty,5,45.49,227.45,credit_card,0
ORD-10065,CUST-1242,2022-03-01,Beauty,1,57.39,57.39,credit_card,0
ORD-10066,CUST-4882,2022-03-02,Home & Garden,2,88.96,177.92,credit_card,0
ORD-10067,CUST-1307,2022-03-03,Electronics,1,233.78,233.78,credit_card,0
ORD-10068,CUST-3441,2022-03-04,Sports,2,74.75,149.5,bank_transfer,0
ORD-10069,CUST-3388,2022-03-04,Clothing,1,27.94,27.94,credit_card,0
ORD-10070,CUST-3055,2022-03-05,Sports,1,100.09,100.09,credit_card,0
ORD-10071,CUST-3205,2022-03-06,Books,1,34.6,34.6,credit_card,0
ORD-10072,CUST-2591,2022-03-07,Clothing,5,40.75,203.75,credit_card,0
ORD-10073,CUST-3292,2022-03-08,Home & Garden,1,53.16,53.16,paypal,0
ORD-10074,CUST-2455,2022-03-09,Home & Garden,2,111.63,223.26,paypal,0
ORD-10075,CUST-2894,2022-03-10,Beauty,1,32.68,32.68,credit_card,0
ORD-10076,CUST-3712,2022-03-11,Electronics,3,150.44,451.32,paypal,0
ORD-10077,CUST-3969,2022-03-12,Beauty,1,34.03,34.03,credit_card,0
ORD-10078,CUST-1613,2022-03-13,Electronics,2,175.32,350.64,paypal,0
ORD-10079,CUST-4968,2022-03-14,Sports,4,33.35,133.4,bank_transfer,0
ORD-10080,CUST-1386,2022-03-14,Beauty,1,31.37,31.37,debit_card,0
ORD-10081,CUST-2103,2022-03-15,Clothing,1,60.07,60.07,credit_card,0
ORD-10082,CUST-2387,2022-03-16,Electronics,3,196.07,588.21,paypal,0
ORD-10083,CUST-2293,2022-03-17,Sports,1,131.69,131.69,debit_card,0
ORD-10084,CUST-2407,2022-03-18,Sports,1,156.22,156.22,debit_card,0
ORD-10085,CUST-2292,2022-03-19,Clothing,1,88.27,88.27,credit_card,0
ORD-10086,CUST-2744,2022-03-20,Home & Garden,3,102.44,307.32,credit_card,0
ORD-10087,CUST-4053,2022-03-21,Sports,4,84.65,338.6,credit_card,0
ORD-10088,CUST-4309,2022-03-22,Electronics,2,135.14,270.28,credit_card,0
ORD-10089,CUST-2392,2022-03-23,Books,2,22.16,44.32,paypal,0
ORD-10090,CUST-2033,2022-03-24,Home & Garden,1,92.57,92.57,credit_card,0
ORD-10091,CUST-3706,2022-03-25,Electronics,1,239.18,239.18,credit_card,0
ORD-10092,CUST-1238,2022-03-25,Sports,1,112.43,112.43,debit_card,0
ORD-10093,CUST-2783,2022-03-26,Clothing,1,52.33,52.33,paypal,0
ORD-10094,CUST-1880,2022-03-27,Beauty,1,52.59,52.59,bank_transfer,0
ORD-10095,CUST-3431,2022-03-28,Home & Garden,2,112.83,225.66,debit_card,1
ORD-10096,CUST-1313,2022-03-29,Home & Garden,1,101.4,101.4,debit_card,0
ORD-10097,CUST-4316,2022-03-30,Home & Garden,1,74.04,74.04,debit_card,0
ORD-10098,CUST-2079,2022-03-31,Clothing,1,36.66,36.66,credit_card,0
ORD-10099,CUST-3056,2022-04-01,Sports,1,59.13,59.13,credit_card,0
ORD-10100,CUST-3288,2022-04-02,Books,1,16.01,16.01,debit_card,0
ORD-10101,CUST-2900,2022-04-03,Sports,1,99.25,99.25,credit_card,0
ORD-10102,CUST-2791,2022-04-04,Home & Garden,1,90.59,90.59,credit_card,0
ORD-10103,CUST-2067,2022-04-04,Clothing,1,23.88,23.88,paypal,0
ORD-10104,CUST-4090,2022-04-05,Electronics,2,143.71,287.42,credit_card,0
ORD-10105,CUST-3063,2022-04-06,Sports,3,98.76,296.28,credit_card,0
ORD-10106,CUST-1863,2022-04-07,Clothing,2,35.21,70.42,credit_card,0
ORD-10107,CUST-2049,2022-04-08,Home & Garden,2,88.02,176.04,credit_card,0
ORD-10108,CUST-2754,2022-04-09,Home & Garden,3,65.78,197.34,paypal,0
ORD-10109,CUST-4374,2022-04-10,Home & Garden,1,53.3,53.3,credit_card,0
ORD-10110,CUST-4845,2022-04-11,Books,2,22.47,44.94,paypal,0
ORD-10111,CUST-2555,2022-04-12,Books,1,25.45,25.45,credit_card,0
ORD-10112,CUST-2580,2022-04-13,Beauty,1,26.42,26.42,paypal,0
ORD-10113,CUST-1516,2022-04-14,Electronics,1,162.53,162.53,credit_card,1
ORD-10114,CUST-3182,2022-04-15,Books,1,26.12,26.12,credit_card,0
ORD-10115,CUST-1959,2022-04-15,Electronics,2,125.13,250.26,debit_card,0
ORD-10116,CUST-4278,2022-04-16,Sports,1,30.32,30.32,credit_card,0
ORD-10117,CUST-3138,2022-04-17,Books,2,8.48,16.96,paypal,0
ORD-10118,CUST-1887,2022-04-18,Home & Garden,3,62.46,187.38,credit_card,0
ORD-10119,CUST-4665,2022-04-19,Sports,1,42.54,42.54,credit_card,0
ORD-10120,CUST-4261,2022-04-20,Home & Garden,1,64.57,64.57,credit_card,0
ORD-10121,CUST-2202,2022-04-21,Clothing,1,91.63,91.63,debit_card,0
ORD-10122,CUST-1480,2022-04-22,Home & Garden,1,33.64,33.64,credit_card,0
ORD-10123,CUST-2057,2022-04-23,Electronics,5,159.65,798.25,credit_card,0
ORD-10124,CUST-2506,2022-04-24,Beauty,2,74.12,148.24,paypal,1
ORD-10125,CUST-2626,2022-04-25,Sports,2,104.69,209.38,credit_card,0
ORD-10126,CUST-4289,2022-04-25,Sports,1,76.76,76.76,debit_card,0
ORD-10127,CUST-4871,2022-04-26,Beauty,2,37.49,74.98,bank_transfer,0
ORD-10128,CUST-3989,2022-04-27,Sports,2,105.46,210.92,paypal,0
ORD-10129,CUST-4380,2022-04-28,Home & Garden,1,125.87,125.87,credit_card,0
ORD-10130,CUST-1500,2022-04-29,Electronics,1,141.78,141.78,credit_card,0
ORD-10131,CUST-1598,2022-04-30,Clothing,1,38.33,38.33,bank_transfer,1
ORD-10132,CUST-4632,2022-05-01,Beauty,1,17.94,17.94,paypal,0
ORD-10133,CUST-3455,2022-05-02,Beauty,3,41.65,124.95,credit_card,0
ORD-10134,CUST-1942,2022-05-03,Sports,2,39.4,78.8,bank_transfer,0
ORD-10135,CUST-4167,2022-05-04,Electronics,1,146.61,146.61,bank_transfer,0
ORD-10136,CUST-1699,2022-05-05,Electronics,4,114.57,458.28,credit_card,0
ORD-10137,CUST-4072,2022-05-05,Beauty,1,57.19,57.19,credit_card,0
ORD-10138,CUST-4532,2022-05-06,Electronics,1,143.4,143.4,paypal,0
ORD-10139,CUST-2955,2022-05-07,Books,4,25.49,101.96,debit_card,0
ORD-10140,CUST-3625,2022-05-08,Clothing,3,19.71,59.13,paypal,0
ORD-10141,CUST-3927,2022-05-09,Clothing,2,57.89,115.78,credit_card,0
ORD-10142,CUST-4521,2022-05-10,Books,1,11.41,11.41,credit_card,0
ORD-10143,CUST-3334,2022-05-11,Beauty,4,33.19,132.76,credit_card,0
ORD-10144,CUST-2173,2022-05-12,Sports,2,169.6,339.2,credit_card,1
ORD-10145,CUST-1805,2022-05-13,Home & Garden,2,102.97,205.94,debit_card,1
ORD-10146,CUST-2422,2022-05-14,Home & Garden,1,71.15,71.15,credit_card,1
ORD-10147,CUST-1224,2022-05-15,Beauty,1,91.18,91.18,credit_card,0
ORD-10148,CUST-3794,2022-05-16,Books,3,13.95,41.85,debit_card,0
ORD-10149,CUST-2477,2022-05-16,Home & Garden,3,109.96,329.88,credit_card,0
ORD-10150,CUST-3846,2022-05-17,Books,2,8.51,17.02,credit_card,0
ORD-10151,CUST-1247,2022-05-18,Clothing,1,49.63,49.63,bank_transfer,0
ORD-10152,CUST-2287,2022-05-19,Electronics,2,82.96,165.92,credit_card,0
ORD-10153,CUST-2580,2022-05-20,Beauty,1,44.12,44.12,debit_card,1
ORD-10154,CUST-1350,2022-05-21,Books,1,22.49,22.49,credit_card,0
ORD-10155,CUST-4315,2022-05-22,Electronics,1,157.85,157.85,credit_card,0
ORD-10156,CUST-3390,2022-05-23,Clothing,1,79.03,79.03,paypal,0
ORD-10157,CUST-4377,2022-05-24,Beauty,2,30.93,61.86,credit_card,0
ORD-10158,CUST-4207,2022-05-25,Books,1,24.88,24.88,paypal,1
ORD-10159,CUST-1136,2022-05-26,Books,1,29.22,29.22,credit_card,0
ORD-10160,CUST-4461,2022-05-26,Electronics,3,73.21,219.63,paypal,0
ORD-10161,CUST-1278,2022-05-27,Beauty,2,28.03,56.06,credit_card,1
ORD-10162,CUST-4484,2022-05-28,Beauty,1,40.86,40.86,debit_card,0
ORD-10163,CUST-3679,2022-05-29,Home & Garden,1,93.9,93.9,paypal,0
ORD-10164,CUST-4277,2022-05-30,Clothing,2,86.27,172.54,paypal,0
ORD-10165,CUST-2999,2022-05-31,Sports,1,82.23,82.23,credit_card,0
ORD-10166,CUST-1640,2022-06-01,Sports,1,78.61,78.61,paypal,0
ORD-10167,CUST-1597,2022-06-02,Sports,1,58.59,58.59,paypal,0
ORD-10168,CUST-1474,2022-06-03,Beauty,1,45.28,45.28,credit_card,1
ORD-10169,CUST-4222,2022-06-04,Books,2,19.39,38.78,paypal,0
ORD-10170,CUST-3134,2022-06-05,Clothing,1,48.97,48.97,credit_card,0
ORD-10171,CUST-1865,2022-06-06,Home & Garden,1,72.18,72.18,credit_card,0
ORD-10172,CUST-1499,2022-06-06,Sports,1,109.86,109.86,paypal,0
ORD-10173,CUST-1312,2022-06-07,Clothing,1,42.6,42.6,credit_card,0
ORD-10174,CUST-2032,2022-06-08,Clothing,1,38.01,38.01,credit_card,0
ORD-10175,CUST-3998,2022-06-09,Sports,3,105.54,316.62,paypal,0
ORD-10176,CUST-4569,2022-06-10,Home & Garden,1,15.77,15.77,paypal,0
ORD-10177,CUST-3432,2022-06-11,Sports,1,68.27,68.27,credit_card,0
ORD-10178,CUST-4982,2022-06-12,Electronics,1,97.11,97.11,credit_card,0
ORD-10179,CUST-2577,2022-06-13,Clothing,2,81.47,162.94,credit_card,0
ORD-10180,CUST-2330,2022-06-14,Clothing,1,45.3,45.3,paypal,0
ORD-10181,CUST-3770,2022-06-15,Sports,4,69.81,279.24,credit_card,0
ORD-10182,CUST-1538,2022-06-16,Sports,2,88.25,176.5,paypal,0
ORD-10183,CUST-4645,2022-06-16,Home & Garden,1,57.14,57.14,debit_card,0
ORD-10184,CUST-4120,2022-06-17,Home & Garden,2,62.92,125.84,bank_transfer,0
ORD-10185,CUST-1136,2022-06-18,Electronics,1,186.99,186.99,credit_card,0
ORD-10186,CUST-1748,2022-06-19,Sports,4,74.81,299.24,credit_card,0
ORD-10187,CUST-3510,2022-06-20,Beauty,4,33.13,132.52,credit_card,0
ORD-10188,CUST-3954,2022-06-21,Sports,1,53.63,53.63,credit_card,0
ORD-10189,CUST-1872,2022-06-22,Clothing,2,29.62,59.24,credit_card,0
ORD-10190,CUST-3987,2022-06-23,Books,1,22.53,22.53,debit_card,0
ORD-10191,CUST-2896,2022-06-24,Clothing,1,61.75,61.75,credit_card,0
ORD-10192,CUST-3700,2022-06-25,Electronics,2,77.17,154.34,credit_card,0
ORD-10193,CUST-2695,2022-06-26,Electronics,4,234.72,938.88,paypal,0
ORD-10194,CUST-2816,2022-06-27,Electronics,1,235.01,235.01,bank_transfer,0
ORD-10195,CUST-2559,2022-06-27,Electronics,2,250.18,500.36,credit_card,0
ORD-10196,CUST-1627,2022-06-28,Sports,2,100.8,201.6,debit_card,0
ORD-10197,CUST-1761,2022-06-29,Clothing,1,69.02,69.02,debit_card,0
ORD-10198,CUST-1670,2022-06-30,Sports,2,168.66,337.32,credit_card,0
ORD-10199,CUST-4210,2022-07-01,Beauty,2,35.18,70.36,paypal,0
ORD-10200,CUST-2693,2022-07-02,Books,2,12.8,25.6,credit_card,0
ORD-10201,CUST-2518,2022-07-03,Home & Garden,5,28.98,144.9,credit_card,0
ORD-10202,CUST-4422,2022-07-04,Sports,1,153.2,153.2,credit_card,0
ORD-10203,CUST-4548,2022-07-05,Electronics,1,307.35,307.35,credit_card,0
ORD-10204,CUST-1935,2022-07-06,Home & Garden,1,47.26,47.26,paypal,0
ORD-10205,CUST-2418,2022-07-07,Home & Garden,1,53.18,53.18,debit_card,0
ORD-10206,CUST-2646,2022-07-07,Sports,1,78.34,78.34,credit_card,0
ORD-10207,CUST-4358,2022-07-08,Sports,3,134.07,402.21,paypal,0
ORD-10208,CUST-3686,2022-07-09,Sports,1,43.66,43.66,credit_card,0
ORD-10209,CUST-3177,2022-07-10,Sports,2,19.2,38.4,credit_card,0
ORD-10210,CUST-1940,2022-07-11,Home & Garden,1,140.03,140.03,paypal,0
ORD-10211,CUST-2542,2022-07-12,Sports,1,101.25,101.25,credit_card,0
ORD-10212,CUST-1115,2022-07-13,Beauty,3,47.27,141.81,debit_card,0
ORD-10213,CUST-3816,2022-07-14,Home & Garden,2,68.85,137.7,credit_card,0
ORD-10214,CUST-4675,2022-07-15,Beauty,1,47.45,47.45,debit_card,0
ORD-10215,CUST-4146,2022-07-16,Beauty,4,15.77,63.08,credit_card,1
ORD-10216,CUST-2237,2022-07-17,Home & Garden,1,49.77,49.77,credit_card,0
ORD-10217,CUST-2930,2022-07-17,Electronics,1,187.57,187.57,debit_card,0
ORD-10218,CUST-4830,2022-07-18,Clothing,1,5.04,5.04,paypal,0
ORD-10219,CUST-2701,2022-07-19,Sports,2,79.11,158.22,credit_card,0
ORD-10220,CUST-4356,2022-07-20,Electronics,1,153.78,153.78,debit_card,0
ORD-10221,CUST-3309,2022-07-21,Home & Garden,3,65.92,197.76,credit_card,0
ORD-10222,CUST-2995,2022-07-22,Books,1,17.15,17.15,credit_card,0
ORD-10223,CUST-3340,2022-07-23,Beauty,1,24.07,24.07,credit_card,0
ORD-10224,CUST-1894,2022-07-24,Sports,3,24.41,73.23,paypal,0
ORD-10225,CUST-2701,2022-07-25,Sports,1,95.21,95.21,paypal,0
ORD-10226,CUST-2217,2022-07-26,Clothing,1,48.4,48.4,debit_card,0
ORD-10227,CUST-4030,2022-07-27,Electronics,1,80.98,80.98,paypal,0
ORD-10228,CUST-3449,2022-07-28,Books,1,22.55,22.55,credit_card,0
ORD-10229,CUST-2598,2022-07-28,Electronics,1,158.76,158.76,credit_card,0
ORD-10230,CUST-4290,2022-07-29,Home & Garden,1,61.17,61.17,credit_card,0
ORD-10231,CUST-2811,2022-07-30,Beauty,2,5.49,10.98,paypal,0
ORD-10232,CUST-4813,2022-07-31,Home & Garden,1,95.48,95.48,credit_card,0
ORD-10233,CUST-3421,2022-08-01,Books,1,11.15,11.15,paypal,0
ORD-10234,CUST-4542,2022-08-02,Books,2,22.56,45.12,paypal,0
ORD-10235,CUST-4947,2022-08-03,Sports,1,60.9,60.9,debit_card,0
ORD-10236,CUST-2307,2022-08-04,Home & Garden,2,63.34,126.68,credit_card,0
ORD-10237,CUST-2042,2022-08-05,Home & Garden,2,109.57,219.14,credit_card,1
ORD-10238,CUST-4342,2022-08-06,Electronics,1,218.28,218.28,debit_card,1
ORD-10239,CUST-1927,2022-08-07,Books,1,31.94,31.94,paypal,1
ORD-10240,CUST-4008,2022-08-07,Clothing,1,62.27,62.27,credit_card,0
ORD-10241,CUST-1707,2022-08-08,Home & Garden,1,86.88,86.88,paypal,0
ORD-10242,CUST-4479,2022-08-09,Sports,1,25.88,25.88,debit_card,0
ORD-10243,CUST-3757,2022-08-10,Electronics,2,157.14,314.28,credit_card,0
ORD-10244,CUST-3084,2022-08-11,Home & Garden,2,68.25,136.5,debit_card,0
ORD-10245,CUST-2796,2022-08-12,Electronics,1,268.1,268.1,credit_card,0
ORD-10246,CUST-3549,2022-08-13,Clothing,4,43.86,175.44,bank_transfer,0
ORD-10247,CUST-2554,2022-08-14,Electronics,1,199.07,199.07,credit_card,0
ORD-10248,CUST-2591,2022-08-15,Electronics,3,196.25,588.75,credit_card,0
ORD-10249,CUST-1816,2022-08-16,Beauty,3,58.52,175.56,credit_card,0
ORD-10250,CUST-1631,2022-08-17,Beauty,1,37.86,37.86,debit_card,0
ORD-10251,CUST-4564,2022-08-18,Sports,1,119.8,119.8,bank_transfer,1
ORD-10252,CUST-3996,2022-08-18,Books,1,7.0,7.0,credit_card,0
ORD-10253,CUST-2772,2022-08-19,Sports,4,31.9,127.6,credit_card,0
ORD-10254,CUST-4326,2022-08-20,Beauty,1,5.0,5.0,credit_card,0
ORD-10255,CUST-3430,2022-08-21,Home & Garden,3,98.58,295.74,credit_card,1
ORD-10256,CUST-3396,2022-08-22,Electronics,1,228.5,228.5,debit_card,0
ORD-10257,CUST-1450,2022-08-23,Sports,1,122.29,122.29,credit_card,0
ORD-10258,CUST-3153,2022-08-24,Beauty,2,29.16,58.32,bank_transfer,0
ORD-10259,CUST-1431,2022-08-25,Clothing,1,42.6,42.6,debit_card,0
ORD-10260,CUST-3735,2022-08-26,Home & Garden,1,71.37,71.37,credit_card,0
ORD-10261,CUST-1269,2022-08-27,Clothing,4,86.76,347.04,paypal,0
ORD-10262,CUST-3056,2022-08-28,Clothing,1,92.26,92.26,bank_transfer,0
ORD-10263,CUST-2469,2022-08-28,Sports,4,118.58,474.32,debit_card,0
ORD-10264,CUST-1523,2022-08-29,Clothing,5,62.28,311.4,paypal,0
ORD-10265,CUST-2891,2022-08-30,Beauty,1,61.37,61.37,credit_card,0
ORD-10266,CUST-1802,2022-08-31,Sports,1,80.79,80.79,credit_card,0
ORD-10267,CUST-1978,2022-09-01,Electronics,1,151.85,151.85,debit_card,0
ORD-10268,CUST-4559,2022-09-02,Sports,2,85.36,170.72,credit_card,0
ORD-10269,CUST-2398,2022-09-03,Sports,5,54.77,273.85,paypal,0
ORD-10270,CUST-2615,2022-09-04,Home & Garden,3,69.75,209.25,paypal,0
ORD-10271,CUST-1025,2022-09-05,Home & Garden,4,41.48,165.92,credit_card,0
ORD-10272,CUST-2202,2022-09-06,Sports,1,126.9,126.9,credit_card,0
ORD-10273,CUST-2404,2022-09-07,Home & Garden,1,91.31,91.31,credit_card,0
ORD-10274,CUST-3876,2022-09-07,Electronics,1,282.93,282.93,debit_card,0
ORD-10275,CUST-1476,2022-09-08,Clothing,3,19.16,57.48,credit_card,0
ORD-10276,CUST-4719,2022-09-09,Clothing,1,96.84,96.84,credit_card,0
ORD-10277,CUST-1513,2022-09-10,Books,1,8.16,8.16,bank_transfer,0
ORD-10278,CUST-3611,2022-09-11,Electronics,1,93.72,93.72,paypal,0
ORD-10279,CUST-1018,2022-09-12,Books,1,16.54,16.54,paypal,0
ORD-10280,CUST-4278,2022-09-13,Home & Garden,1,114.23,114.23,debit_card,0
ORD-10281,CUST-3785,2022-09-14,Sports,1,98.12,98.12,credit_card,0
ORD-10282,CUST-4350,2022-09-15,Home & Garden,3,67.69,203.07,bank_transfer,0
ORD-10283,CUST-4725,2022-09-16,Beauty,2,27.32,54.64,debit_card,0
ORD-10284,CUST-4335,2022-09-17,Beauty,1,17.99,17.99,credit_card,0
ORD-10285,CUST-3486,2022-09-18,Electronics,2,261.55,523.1,credit_card,0
ORD-10286,CUST-4353,2022-09-18,Books,1,29.03,29.03,credit_card,0
ORD-10287,CUST-1384,2022-09-19,Electronics,2,277.38,554.76,paypal,0
ORD-10288,CUST-3580,2022-09-20,Sports,1,104.29,104.29,paypal,0
ORD-10289,CUST-4958,2022-09-21,Books,2,5.0,10.0,paypal,1
ORD-10290,CUST-2508,2022-09-22,Clothing,1,27.62,27.62,bank_transfer,0
ORD-10291,CUST-4902,2022-09-23,Clothing,1,65.23,65.23,paypal,0
ORD-10292,CUST-3026,2022-09-24,Home & Garden,2,63.91,127.82,debit_card,0
ORD-10293,CUST-2872,2022-09-25,Sports,2,69.88,139.76,paypal,0
ORD-10294,CUST-2200,2022-09-26,Sports,2,50.28,100.56,paypal,1
ORD-10295,CUST-1431,2022-09-27,Electronics,1,248.23,248.23,credit_card,0
ORD-10296,CUST-4505,2022-09-28,Clothing,1,65.04,65.04,paypal,0
ORD-10297,CUST-3882,2022-09-28,Home & Garden,2,90.04,180.08,paypal,0
ORD-10298,CUST-2600,2022-09-29,Books,1,16.42,16.42,credit_card,0
ORD-10299,CUST-4845,2022-09-30,Electronics,1,192.69,192.69,debit_card,0
ORD-10300,CUST-1735,2022-10-01,Clothing,1,25.57,25.57,credit_card,0
ORD-10301,CUST-4114,2022-10-02,Beauty,1,37.92,37.92,credit_card,0
ORD-10302,CUST-2808,2022-10-03,Home & Garden,1,5.0,5.0,debit_card,0
ORD-10303,CUST-3496,2022-10-04,Sports,1,33.55,33.55,credit_card,0
ORD-10304,CUST-1148,2022-10-05,Home & Garden,2,65.33,130.66,paypal,0
ORD-10305,CUST-3443,2022-10-06,Home & Garden,2,146.25,292.5,paypal,0
ORD-10306,CUST-3716,2022-10-07,Books,2,6.15,12.3,credit_card,0
ORD-10307,CUST-4911,2022-10-08,Clothing,2,27.64,55.28,credit_card,0
ORD-10308,CUST-2384,2022-10-09,Clothing,1,59.77,59.77,credit_card,0
ORD-10309,CUST-1292,2022-10-09,Beauty,4,68.31,273.24,credit_card,0
ORD-10310,CUST-1246,2022-10-10,Beauty,2,43.23,86.46,paypal,0
ORD-10311,CUST-1598,2022-10-11,Sports,1,115.28,115.28,credit_card,0
ORD-10312,CUST-2197,2022-10-12,Electronics,1,155.69,155.69,bank_transfer,0
ORD-10313,CUST-4323,2022-10-13,Electronics,2,143.24,286.48,credit_card,0
ORD-10314,CUST-1780,2022-10-14,Electronics,2,185.92,371.84,credit_card,0
ORD-10315,CUST-1580,2022-10-15,Beauty,2,29.47,58.94,debit_card,0
ORD-10316,CUST-1127,2022-10-16,Sports,2,116.07,232.14,paypal,1
ORD-10317,CUST-2533,2022-10-17,Home & Garden,4,26.81,107.24,paypal,0
ORD-10318,CUST-3413,2022-10-18,Beauty,4,54.24,216.96,paypal,0
ORD-10319,CUST-2125,2022-10-19,Electronics,2,182.83,365.66,debit_card,0
ORD-10320,CUST-2981,2022-10-19,Home & Garden,4,68.56,274.24,credit_card,0
ORD-10321,CUST-1973,2022-10-20,Electronics,4,61.71,246.84,credit_card,0
ORD-10322,CUST-4200,2022-10-21,Clothing,1,33.44,33.44,bank_transfer,0
ORD-10323,CUST-1102,2022-10-22,Beauty,2,59.18,118.36,credit_card,0
ORD-10324,CUST-1802,2022-10-23,Beauty,1,36.66,36.66,paypal,0
ORD-10325,CUST-3265,2022-10-24,Electronics,1,200.04,200.04,paypal,0
ORD-10326,CUST-4369,2022-10-25,Clothing,1,35.65,35.65,paypal,0
ORD-10327,CUST-2604,2022-10-26,Books,1,21.74,21.74,debit_card,0
ORD-10328,CUST-1278,2022-10-27,Electronics,1,81.21,81.21,bank_transfer,0
ORD-10329,CUST-3206,2022-10-28,Home & Garden,1,78.0,78.0,credit_card,0
ORD-10330,CUST-2081,2022-10-29,Books,1,25.26,25.26,paypal,0
ORD-10331,CUST-2218,2022-10-30,Clothing,2,62.05,124.1,paypal,0
ORD-10332,CUST-4689,2022-10-30,Clothing,3,35.12,105.36,credit_card,0
ORD-10333,CUST-4765,2022-10-31,Clothing,5,47.47,237.35,debit_card,0
ORD-10334,CUST-2035,2022-11-01,Beauty,1,48.6,48.6,credit_card,0
ORD-10335,CUST-3365,2022-11-02,Clothing,1,50.35,50.35,credit_card,0
ORD-10336,CUST-3163,2022-11-03,Books,3,19.47,58.41,debit_card,0
ORD-10337,CUST-4844,2022-11-04,Clothing,1,96.88,96.88,bank_transfer,0
ORD-10338,CUST-4784,2022-11-05,Sports,5,55.76,278.8,credit_card,0
ORD-10339,CUST-2400,2022-11-06,Electronics,2,257.79,515.58,debit_card,1
ORD-10340,CUST-1101,2022-11-07,Electronics,1,96.86,96.86,credit_card,0
ORD-10341,CUST-1009,2022-11-08,Sports,1,113.57,113.57,credit_card,0
ORD-10342,CUST-1018,2022-11-09,Sports,1,115.49,115.49,credit_card,0
ORD-10343,CUST-4125,2022-11-09,Clothing,1,43.77,43.77,debit_card,0
ORD-10344,CUST-3959,2022-11-10,Clothing,1,28.22,28.22,credit_card,0
ORD-10345,CUST-4309,2022-11-11,Beauty,3,8.47,25.41,credit_card,0
ORD-10346,CUST-1558,2022-11-12,Electronics,2,135.71,271.42,paypal,0
ORD-10347,CUST-1234,2022-11-13,Electronics,1,217.89,217.89,credit_card,0
ORD-10348,CUST-1681,2022-11-14,Home & Garden,1,42.67,42.67,credit_card,0
ORD-10349,CUST-3501,2022-11-15,Clothing,1,57.13,57.13,credit_card,0
ORD-10350,CUST-1035,2022-11-16,Books,1,9.01,9.01,debit_card,0
ORD-10351,CUST-3644,2022-11-17,Sports,2,81.58,163.16,paypal,0
ORD-10352,CUST-4555,2022-11-18,Home & Garden,2,40.59,81.18,debit_card,0
ORD-10353,CUST-1582,2022-11-19,Books,3,21.31,63.93,credit_card,0
ORD-10354,CUST-3955,2022-11-19,Home & Garden,1,59.97,59.97,credit_card,0
ORD-10355,CUST-3210,2022-11-20,Sports,1,47.15,47.15,debit_card,0
ORD-10356,CUST-4776,2022-11-21,Electronics,3,132.56,397.68,credit_card,0
ORD-10357,CUST-1972,2022-11-22,Clothing,2,34.45,68.9,credit_card,0
ORD-10358,CUST-1907,2022-11-23,Books,2,10.44,20.88,credit_card,0
ORD-10359,CUST-1065,2022-11-24,Clothing,1,78.82,78.82,credit_card,0
ORD-10360,CUST-3820,2022-11-25,Electronics,3,154.07,462.21,credit_card,0
ORD-10361,CUST-4467,2022-11-26,Clothing,1,6.55,6.55,bank_transfer,0
ORD-10362,CUST-1075,2022-11-27,Sports,1,67.56,67.56,paypal,0
ORD-10363,CUST-2966,2022-11-28,Electronics,2,245.86,491.72,paypal,0
ORD-10364,CUST-3896,2022-11-29,Sports,1,62.59,62.59,credit_card,0
ORD-10365,CUST-4126,2022-11-30,Sports,3,143.92,431.76,paypal,0
ORD-10366,CUST-4721,2022-11-30,Books,1,14.46,14.46,paypal,0
ORD-10367,CUST-3891,2022-12-01,Clothing,1,66.07,66.07,bank_transfer,0
ORD-10368,CUST-4682,2022-12-02,Sports,1,127.32,127.32,credit_card,0
ORD-10369,CUST-4974,2022-12-03,Electronics,3,212.41,637.23,debit_card,0
ORD-10370,CUST-4710,2022-12-04,Beauty,2,18.01,36.02,credit_card,0
ORD-10371,CUST-2751,2022-12-05,Sports,1,56.07,56.07,paypal,0
ORD-10372,CUST-2628,2022-12-06,Electronics,1,264.25,264.25,debit_card,0
ORD-10373,CUST-2710,2022-12-07,Sports,1,61.03,61.03,paypal,0
ORD-10374,CUST-4802,2022-12-08,Home & Garden,1,104.27,104.27,paypal,0
ORD-10375,CUST-2127,2022-12-09,Home & Garden,2,62.09,124.18,debit_card,0
ORD-10376,CUST-4009,2022-12-10,Home & Garden,1,79.24,79.24,debit_card,1
ORD-10377,CUST-3500,2022-12-10,Books,1,9.8,9.8,credit_card,0
ORD-10378,CUST-1246,2022-12-11,Sports,1,68.1,68.1,credit_card,1
ORD-10379,CUST-2944,2022-12-12,Beauty,2,26.0,52.0,paypal,0
ORD-10380,CUST-1778,2022-12-13,Clothing,2,59.96,119.92,bank_transfer,0
ORD-10381,CUST-3915,2022-12-14,Books,2,22.82,45.64,paypal,0
ORD-10382,CUST-2789,2022-12-15,Books,2,26.07,52.14,credit_card,0
ORD-10383,CUST-2426,2022-12-16,Books,4,17.68,70.72,paypal,1
ORD-10384,CUST-1262,2022-12-17,Home & Garden,1,47.09,47.09,credit_card,0
ORD-10385,CUST-1523,2022-12-18,Clothing,3,59.02,177.06,credit_card,0
ORD-10386,CUST-4056,2022-12-19,Sports,2,52.93,105.86,credit_card,0
ORD-10387,CUST-4449,2022-12-20,Clothing,1,78.73,78.73,credit_card,0
ORD-10388,CUST-2164,2022-12-21,Electronics,3,171.75,515.25,paypal,0
ORD-10389,CUST-4312,2022-12-21,Home & Garden,2,65.22,130.44,credit_card,0
ORD-10390,CUST-3208,2022-12-22,Clothing,2,65.17,130.34,credit_card,0
ORD-10391,CUST-2404,2022-12-23,Electronics,1,174.5,174.5,paypal,0
ORD-10392,CUST-2805,2022-12-24,Electronics,1,60.62,60.62,credit_card,0
ORD-10393,CUST-3761,2022-12-25,Sports,3,51.79,155.37,credit_card,0
ORD-10394,CUST-4636,2022-12-26,Beauty,1,56.92,56.92,credit_card,0
ORD-10395,CUST-2969,2022-12-27,Home & Garden,1,77.52,77.52,credit_card,0
ORD-10396,CUST-2386,2022-12-28,Electronics,1,58.93,58.93,paypal,0
ORD-10397,CUST-4043,2022-12-29,Sports,1,102.68,102.68,credit_card,0
ORD-10398,CUST-3100,2022-12-30,Clothing,3,42.7,128.1,credit_card,0
ORD-10399,CUST-2560,2022-12-31,Beauty,2,26.01,52.02,credit_card,0
ORD-10400,CUST-2839,2022-12-31,Home & Garden,4,40.65,162.6,credit_card,0
ORD-10401,CUST-3142,2023-01-01,Clothing,1,77.0,77.0,credit_card,0
ORD-10402,CUST-1560,2023-01-02,Home & Garden,1,16.04,16.04,credit_card,0
ORD-10403,CUST-1231,2023-01-03,Clothing,1,36.57,36.57,credit_card,0
ORD-10404,CUST-3659,2023-01-04,Sports,1,94.32,94.32,credit_card,0
ORD-10405,CUST-1699,2023-01-05,Electronics,2,293.64,587.28,debit_card,0
ORD-10406,CUST-3126,2023-01-06,Beauty,1,48.86,48.86,credit_card,0
ORD-10407,CUST-4127,2023-01-07,Sports,1,59.54,59.54,credit_card,0
ORD-10408,CUST-1859,2023-01-08,Beauty,3,64.47,193.41,paypal,0
ORD-10409,CUST-2526,2023-01-09,Beauty,2,18.32,36.64,credit_card,0
ORD-10410,CUST-4913,2023-01-10,Clothing,1,60.84,60.84,debit_card,0
ORD-10411,CUST-1140,2023-01-10,Home & Garden,2,89.63,179.26,credit_card,0
ORD-10412,CUST-4022,2023-01-11,Sports,1,58.28,58.28,credit_card,1
ORD-10413,CUST-1670,2023-01-12,Clothing,3,70.35,211.05,bank_transfer,0
ORD-10414,CUST-4622,2023-01-13,Electronics,2,143.0,286.0,credit_card,0
ORD-10415,CUST-2646,2023-01-14,Clothing,1,70.29,70.29,credit_card,0
ORD-10416,CUST-1027,2023-01-15,Clothing,1,14.53,14.53,paypal,0
ORD-10417,CUST-3871,2023-01-16,Beauty,1,45.36,45.36,bank_transfer,0
ORD-10418,CUST-1589,2023-01-17,Home & Garden,2,62.64,125.28,credit_card,0
ORD-10419,CUST-2453,2023-01-18,Books,1,32.12,32.12,paypal,0
ORD-10420,CUST-3009,2023-01-19,Beauty,2,39.3,78.6,credit_card,0
ORD-10421,CUST-3980,2023-01-20,Clothing,1,82.48,82.48,paypal,0
ORD-10422,CUST-2675,2023-01-21,Sports,1,108.27,108.27,credit_card,1
ORD-10423,CUST-4432,2023-01-21,Electronics,1,170.82,170.82,paypal,0
ORD-10424,CUST-2926,2023-01-22,Electronics,1,236.71,236.71,credit_card,0
ORD-10425,CUST-2364,2023-01-23,Electronics,1,237.17,237.17,paypal,0
ORD-10426,CUST-2348,2023-01-24,Clothing,2,65.38,130.76,credit_card,0
ORD-10427,CUST-4201,2023-01-25,Clothing,4,5.0,20.0,paypal,0
ORD-10428,CUST-3659,2023-01-26,Home & Garden,1,45.52,45.52,paypal,0
ORD-10429,CUST-1507,2023-01-27,Clothing,2,85.45,170.9,debit_card,0
ORD-10430,CUST-4001,2023-01-28,Electronics,1,89.57,89.57,bank_transfer,0
ORD-10431,CUST-2661,2023-01-29,Books,2,29.77,59.54,credit_card,0
ORD-10432,CUST-2395,2023-01-30,Electronics,1,230.86,230.86,paypal,0
ORD-10433,CUST-1390,2023-01-31,Sports,2,63.87,127.74,credit_card,0
ORD-10434,CUST-4992,2023-01-31,Beauty,1,8.08,8.08,debit_card,0
ORD-10435,CUST-1210,2023-02-01,Sports,1,69.52,69.52,paypal,0
ORD-10436,CUST-4986,2023-02-02,Books,2,40.29,80.58,credit_card,0
ORD-10437,CUST-1258,2023-02-03,Books,1,14.4,14.4,credit_card,0
ORD-10438,CUST-3021,2023-02-04,Books,1,15.01,15.01,debit_card,0
ORD-10439,CUST-1419,2023-02-05,Beauty,1,24.04,24.04,debit_card,0
ORD-10440,CUST-2971,2023-02-06,Beauty,4,59.44,237.76,debit_card,0
ORD-10441,CUST-4342,2023-02-07,Home & Garden,1,67.71,67.71,paypal,0
ORD-10442,CUST-3360,2023-02-08,Books,1,16.49,16.49,credit_card,0
ORD-10443,CUST-3174,2023-02-09,Sports,3,140.89,422.67,bank_transfer,0
ORD-10444,CUST-1475,2023-02-10,Electronics,2,221.72,443.44,paypal,0
ORD-10445,CUST-4789,2023-02-11,Home & Garden,1,47.42,47.42,paypal,0
ORD-10446,CUST-2501,2023-02-11,Books,2,11.23,22.46,paypal,0
ORD-10447,CUST-3152,2023-02-12,Sports,1,131.69,131.69,paypal,0
ORD-10448,CUST-4590,2023-02-13,Clothing,1,55.37,55.37,paypal,0
ORD-10449,CUST-3514,2023-02-14,Clothing,1,20.92,20.92,paypal,1
ORD-10450,CUST-3939,2023-02-15,Electronics,2,51.62,103.24,debit_card,0
ORD-10451,CUST-1737,2023-02-16,Home & Garden,3,41.52,124.56,debit_card,0
ORD-10452,CUST-2840,2023-02-17,Beauty,1,20.17,20.17,credit_card,1
ORD-10453,CUST-3162,2023-02-18,Beauty,1,7.26,7.26,credit_card,0
ORD-10454,CUST-1702,2023-02-19,Clothing,1,30.81,30.81,paypal,1
ORD-10455,CUST-2541,2023-02-20,Clothing,1,34.78,34.78,paypal,0
ORD-10456,CUST-4325,2023-02-21,Sports,1,73.34,73.34,paypal,1
ORD-10457,CUST-4725,2023-02-21,Sports,2,150.94,301.88,debit_card,0
ORD-10458,CUST-4293,2023-02-22,Home & Garden,1,66.99,66.99,credit_card,0
ORD-10459,CUST-4735,2023-02-23,Clothing,4,51.31,205.24,credit_card,0
ORD-10460,CUST-4994,2023-02-24,Electronics,1,216.67,216.67,debit_card,0
ORD-10461,CUST-1793,2023-02-25,Sports,1,81.46,81.46,bank_transfer,1
ORD-10462,CUST-4422,2023-02-26,Books,1,25.52,25.52,credit_card,0
ORD-10463,CUST-3480,2023-02-27,Clothing,2,61.17,122.34,credit_card,0
ORD-10464,CUST-4435,2023-02-28,Beauty,1,41.96,41.96,credit_card,0
ORD-10465,CUST-3552,2023-03-01,Books,1,46.34,46.34,credit_card,0
ORD-10466,CUST-1499,2023-03-02,Beauty,1,54.58,54.58,paypal,0
ORD-10467,CUST-3250,2023-03-03,Home & Garden,2,42.55,85.1,credit_card,0
ORD-10468,CUST-4041,2023-03-03,Home & Garden,4,86.11,344.44,credit_card,0
ORD-10469,CUST-1497,2023-03-04,Beauty,1,27.33,27.33,paypal,0
ORD-10470,CUST-3018,2023-03-05,Beauty,1,47.14,47.14,paypal,0
ORD-10471,CUST-3616,2023-03-06,Beauty,1,18.0,18.0,paypal,0
ORD-10472,CUST-2857,2023-03-07,Sports,1,50.12,50.12,credit_card,0
ORD-10473,CUST-4196,2023-03-08,Home & Garden,5,85.32,426.6,credit_card,0
ORD-10474,CUST-1507,2023-03-09,Electronics,1,251.83,251.83,credit_card,0
ORD-10475,CUST-2380,2023-03-10,Clothing,2,66.06,132.12,bank_transfer,0
ORD-10476,CUST-4805,2023-03-11,Beauty,4,53.67,214.68,credit_card,0
ORD-10477,CUST-3058,2023-03-12,Clothing,2,63.22,126.44,paypal,0
ORD-10478,CUST-1723,2023-03-13,Sports,1,96.21,96.21,paypal,0
ORD-10479,CUST-1465,2023-03-14,Beauty,2,31.94,63.88,debit_card,0
ORD-10480,CUST-3372,2023-03-14,Beauty,1,53.01,53.01,credit_card,0
ORD-10481,CUST-4722,2023-03-15,Beauty,1,56.4,56.4,credit_card,0
ORD-10482,CUST-1196,2023-03-16,Home & Garden,5,73.11,365.55,debit_card,1
ORD-10483,CUST-1438,2023-03-17,Home & Garden,1,71.49,71.49,credit_card,0
ORD-10484,CUST-2500,2023-03-18,Beauty,1,65.46,65.46,paypal,0
ORD-10485,CUST-1833,2023-03-19,Electronics,1,178.53,178.53,credit_card,0
ORD-10486,CUST-1484,2023-03-20,Electronics,1,185.45,185.45,bank_transfer,0
ORD-10487,CUST-2193,2023-03-21,Beauty,2,47.75,95.5,paypal,0
ORD-10488,CUST-3571,2023-03-22,Books,2,21.14,42.28,credit_card,0
ORD-10489,CUST-4303,2023-03-23,Home & Garden,2,50.39,100.78,debit_card,0
ORD-10490,CUST-2225,2023-03-24,Electronics,1,207.21,207.21,paypal,0
ORD-10491,CUST-3802,2023-03-24,Home & Garden,1,73.84,73.84,paypal,0
ORD-10492,CUST-4292,2023-03-25,Beauty,1,69.48,69.48,credit_card,0
ORD-10493,CUST-1028,2023-03-26,Books,1,28.94,28.94,credit_card,0
ORD-10494,CUST-4411,2023-03-27,Clothing,2,41.9,83.8,paypal,0
ORD-10495,CUST-1734,2023-03-28,Home & Garden,2,96.87,193.74,credit_card,0
ORD-10496,CUST-3740,2023-03-29,Beauty,3,44.93,134.79,debit_card,0
ORD-10497,CUST-4000,2023-03-30,Beauty,2,60.95,121.9,credit_card,0
ORD-10498,CUST-4381,2023-03-31,Clothing,1,43.46,43.46,paypal,0
ORD-10499,CUST-2615,2023-04-01,Books,2,23.66,47.32,credit_card,0
ORD-10500,CUST-3638,2023-04-02,Clothing,2,52.82,105.64,paypal,0
ORD-10501,CUST-1104,2023-04-03,Home & Garden,4,76.75,307.0,credit_card,0
ORD-10502,CUST-2787,2023-04-04,Electronics,1,116.27,116.27,credit_card,0
ORD-10503,CUST-4855,2023-04-04,Home & Garden,2,92.28,184.56,credit_card,0
ORD-10504,CUST-1634,2023-04-05,Books,1,25.68,25.68,paypal,0
ORD-10505,CUST-1604,2023-04-06,Clothing,2,83.27,166.54,credit_card,0
ORD-10506,CUST-3800,2023-04-07,Clothing,4,54.78,219.12,debit_card,0
ORD-10507,CUST-3041,2023-04-08,Electronics,4,150.35,601.4,credit_card,0
ORD-10508,CUST-2819,2023-04-09,Electronics,1,236.83,236.83,paypal,0
ORD-10509,CUST-1993,2023-04-10,Sports,1,61.41,61.41,paypal,0
ORD-10510,CUST-1685,2023-04-11,Clothing,2,78.87,157.74,credit_card,0
ORD-10511,CUST-3949,2023-04-12,Electronics,2,257.96,515.92,credit_card,0
ORD-10512,CUST-2431,2023-04-13,Beauty,3,60.12,180.36,credit_card,0
ORD-10513,CUST-4106,2023-04-14,Clothing,1,63.29,63.29,paypal,0
ORD-10514,CUST-2773,2023-04-14,Beauty,3,32.22,96.66,bank_transfer,0
ORD-10515,CUST-2588,2023-04-15,Books,2,22.96,45.92,credit_card,1
ORD-10516,CUST-1920,2023-04-16,Sports,1,103.68,103.68,paypal,0
ORD-10517,CUST-3633,2023-04-17,Home & Garden,1,58.2,58.2,paypal,0
ORD-10518,CUST-2138,2023-04-18,Electronics,2,275.98,551.96,paypal,0
ORD-10519,CUST-4636,2023-04-19,Sports,1,110.88,110.88,paypal,0
ORD-10520,CUST-2633,2023-04-20,Sports,2,57.88,115.76,bank_transfer,1
ORD-10521,CUST-4259,2023-04-21,Clothing,2,96.42,192.84,paypal,0
ORD-10522,CUST-2879,2023-04-22,Sports,1,93.51,93.51,debit_card,0
ORD-10523,CUST-2659,2023-04-23,Home & Garden,1,42.18,42.18,credit_card,0
ORD-10524,CUST-2812,2023-04-24,Beauty,5,26.72,133.6,debit_card,0
ORD-10525,CUST-2765,2023-04-25,Sports,2,143.56,287.12,bank_transfer,0
ORD-10526,CUST-2915,2023-04-25,Electronics,2,311.4,622.8,debit_card,0
ORD-10527,CUST-4547,2023-04-26,Beauty,2,56.15,112.3,credit_card,0
ORD-10528,CUST-3812,2023-04-27,Beauty,2,61.11,122.22,debit_card,0
ORD-10529,CUST-1137,2023-04-28,Sports,4,133.8,535.2,credit_card,0
ORD-10530,CUST-1232,2023-04-29,Electronics,2,220.1,440.2,paypal,0
ORD-10531,CUST-1091,2023-04-30,Sports,1,101.85,101.85,credit_card,0
ORD-10532,CUST-3763,2023-05-01,Books,1,26.75,26.75,paypal,0
ORD-10533,CUST-1823,2023-05-02,Clothing,1,71.19,71.19,credit_card,0
ORD-10534,CUST-2541,2023-05-03,Beauty,2,28.13,56.26,credit_card,0
ORD-10535,CUST-4310,2023-05-04,Home & Garden,1,96.96,96.96,credit_card,0
ORD-10536,CUST-1527,2023-05-05,Beauty,2,63.34,126.68,credit_card,1
ORD-10537,CUST-1612,2023-05-05,Books,4,20.18,80.72,credit_card,0
ORD-10538,CUST-1317,2023-05-06,Clothing,1,48.11,48.11,debit_card,0
ORD-10539,CUST-2141,2023-05-07,Beauty,1,47.62,47.62,paypal,0
ORD-10540,CUST-1358,2023-05-08,Books,2,16.28,32.56,debit_card,0
ORD-10541,CUST-3516,2023-05-09,Home & Garden,1,35.5,35.5,debit_card,0
ORD-10542,CUST-3947,2023-05-10,Clothing,2,80.25,160.5,credit_card,0
ORD-10543,CUST-1736,2023-05-11,Electronics,1,147.53,147.53,paypal,0
ORD-10544,CUST-3097,2023-05-12,Books,1,22.16,22.16,paypal,0
ORD-10545,CUST-2212,2023-05-13,Home & Garden,2,56.7,113.4,credit_card,0
ORD-10546,CUST-1321,2023-05-14,Beauty,1,60.43,60.43,paypal,0
ORD-10547,CUST-2867,2023-05-15,Beauty,1,53.65,53.65,paypal,0
ORD-10548,CUST-3789,2023-05-15,Sports,1,81.33,81.33,paypal,0
ORD-10549,CUST-1912,2023-05-16,Clothing,1,29.04,29.04,paypal,0
ORD-10550,CUST-4152,2023-05-17,Sports,3,77.51,232.53,credit_card,0
ORD-10551,CUST-4969,2023-05-18,Electronics,1,221.05,221.05,debit_card,0
ORD-10552,CUST-1225,2023-05-19,Sports,1,96.79,96.79,credit_card,0
ORD-10553,CUST-1653,2023-05-20,Home & Garden,1,78.27,78.27,debit_card,0
ORD-10554,CUST-2157,2023-05-21,Beauty,1,43.39,43.39,credit_card,0
ORD-10555,CUST-4399,2023-05-22,Clothing,1,71.69,71.69,paypal,0
ORD-10556,CUST-1568,2023-05-23,Clothing,2,54.08,108.16,paypal,0
ORD-10557,CUST-2880,2023-05-24,Beauty,1,47.2,47.2,credit_card,0
ORD-10558,CUST-3149,2023-05-25,Home & Garden,2,45.39,90.78,credit_card,0
ORD-10559,CUST-1516,2023-05-26,Beauty,1,80.86,80.86,credit_card,0
ORD-10560,CUST-1168,2023-05-26,Beauty,1,35.46,35.46,paypal,0
ORD-10561,CUST-1473,2023-05-27,Home & Garden,1,81.11,81.11,debit_card,0
ORD-10562,CUST-1224,2023-05-28,Home & Garden,2,91.99,183.98,credit_card,0
ORD-10563,CUST-3001,2023-05-29,Home & Garden,4,62.68,250.72,paypal,0
ORD-10564,CUST-4746,2023-05-30,Sports,1,90.28,90.28,debit_card,0
ORD-10565,CUST-2414,2023-05-31,Beauty,4,39.93,159.72,credit_card,0
ORD-10566,CUST-2026,2023-06-01,Clothing,1,34.89,34.89,debit_card,0
ORD-10567,CUST-1938,2023-06-02,Sports,2,105.79,211.58,credit_card,0
ORD-10568,CUST-4925,2023-06-03,Clothing,2,18.72,37.44,credit_card,0
ORD-10569,CUST-4835,2023-06-04,Books,1,37.42,37.42,credit_card,1
ORD-10570,CUST-3594,2023-06-05,Sports,1,118.55,118.55,credit_card,0
ORD-10571,CUST-2853,2023-06-05,Beauty,1,50.23,50.23,paypal,1
ORD-10572,CUST-1639,2023-06-06,Home & Garden,2,22.9,45.8,debit_card,0
ORD-10573,CUST-4715,2023-06-07,Clothing,1,37.56,37.56,credit_card,0
ORD-10574,CUST-1005,2023-06-08,Clothing,3,85.57,256.71,debit_card,0
ORD-10575,CUST-1655,2023-06-09,Electronics,1,478.89,478.89,credit_card,0
ORD-10576,CUST-3714,2023-06-10,Clothing,4,81.28,325.12,credit_card,0
ORD-10577,CUST-1733,2023-06-11,Beauty,1,56.59,56.59,debit_card,0
ORD-10578,CUST-1432,2023-06-12,Clothing,2,66.55,133.1,debit_card,0
ORD-10579,CUST-3384,2023-06-13,Clothing,1,36.36,36.36,paypal,0
ORD-10580,CUST-1104,2023-06-14,Sports,1,125.83,125.83,credit_card,0
ORD-10581,CUST-2079,2023-06-15,Electronics,1,100.71,100.71,credit_card,0
ORD-10582,CUST-3570,2023-06-16,Clothing,2,28.37,56.74,credit_card,0
ORD-10583,CUST-1739,2023-06-16,Beauty,1,19.62,19.62,debit_card,0
ORD-10584,CUST-4037,2023-06-17,Electronics,2,250.25,500.5,credit_card,0
ORD-10585,CUST-1378,2023-06-18,Clothing,5,53.74,268.7,paypal,0
ORD-10586,CUST-3453,2023-06-19,Books,1,22.89,22.89,credit_card,0
ORD-10587,CUST-1305,2023-06-20,Clothing,1,54.66,54.66,paypal,0
ORD-10588,CUST-3927,2023-06-21,Clothing,1,30.23,30.23,credit_card,0
ORD-10589,CUST-4012,2023-06-22,Clothing,1,40.24,40.24,paypal,0
ORD-10590,CUST-4179,2023-06-23,Clothing,1,41.35,41.35,paypal,0
ORD-10591,CUST-2128,2023-06-24,Beauty,2,17.52,35.04,bank_transfer,0
ORD-10592,CUST-1945,2023-06-25,Home & Garden,1,59.87,59.87,debit_card,0
ORD-10593,CUST-4913,2023-06-26,Clothing,1,31.21,31.21,paypal,0
ORD-10594,CUST-3917,2023-06-26,Clothing,2,67.71,135.42,credit_card,0
ORD-10595,CUST-1732,2023-06-27,Beauty,1,50.58,50.58,debit_card,0
ORD-10596,CUST-1116,2023-06-28,Electronics,2,86.86,173.72,debit_card,0
ORD-10597,CUST-2417,2023-06-29,Beauty,4,35.25,141.0,debit_card,0
ORD-10598,CUST-3660,2023-06-30,Clothing,1,95.83,95.83,paypal,0
ORD-10599,CUST-2499,2023-07-01,Beauty,1,24.31,24.31,credit_card,0
ORD-10600,CUST-4231,2023-07-02,Clothing,3,64.39,193.17,debit_card,0
ORD-10601,CUST-3000,2023-07-03,Electronics,2,187.6,375.2,credit_card,0
ORD-10602,CUST-4965,2023-07-04,Home & Garden,2,107.79,215.58,credit_card,0
ORD-10603,CUST-4482,2023-07-05,Clothing,2,61.5,123.0,credit_card,0
ORD-10604,CUST-2884,2023-07-06,Sports,1,74.47,74.47,paypal,0
ORD-10605,CUST-4339,2023-07-06,Books,1,22.59,22.59,credit_card,0
ORD-10606,CUST-2792,2023-07-07,Books,2,22.72,45.44,paypal,0
ORD-10607,CUST-1039,2023-07-08,Electronics,2,173.4,346.8,paypal,0
ORD-10608,CUST-2232,2023-07-09,Sports,2,42.51,85.02,paypal,1
ORD-10609,CUST-2637,2023-07-10,Clothing,1,82.35,82.35,credit_card,0
ORD-10610,CUST-4905,2023-07-11,Beauty,3,57.06,171.18,bank_transfer,1
ORD-10611,CUST-4311,2023-07-12,Sports,1,52.41,52.41,credit_card,0
ORD-10612,CUST-1586,2023-07-13,Books,1,19.35,19.35,credit_card,0
ORD-10613,CUST-1000,2023-07-14,Beauty,1,36.4,36.4,credit_card,0
ORD-10614,CUST-3115,2023-07-15,Books,1,11.82,11.82,credit_card,0
ORD-10615,CUST-3134,2023-07-16,Home & Garden,2,19.0,38.0,paypal,0
ORD-10616,CUST-3941,2023-07-17,Clothing,1,40.25,40.25,credit_card,0
ORD-10617,CUST-2037,2023-07-17,Books,2,18.86,37.72,debit_card,0
ORD-10618,CUST-4248,2023-07-18,Clothing,1,23.29,23.29,credit_card,0
ORD-10619,CUST-2651,2023-07-19,Electronics,1,192.74,192.74,bank_transfer,0
ORD-10620,CUST-2338,2023-07-20,Sports,1,131.86,131.86,paypal,1
ORD-10621,CUST-2681,2023-07-21,Electronics,1,240.63,240.63,credit_card,0
ORD-10622,CUST-4777,2023-07-22,Books,2,20.89,41.78,paypal,0
ORD-10623,CUST-2567,2023-07-23,Electronics,1,47.49,47.49,credit_card,1
ORD-10624,CUST-3242,2023-07-24,Home & Garden,1,96.47,96.47,bank_transfer,0
ORD-10625,CUST-4567,2023-07-25,Beauty,1,42.34,42.34,debit_card,0
ORD-10626,CUST-1073,2023-07-26,Electronics,1,210.55,210.55,paypal,0
ORD-10627,CUST-3145,2023-07-27,Books,1,39.04,39.04,credit_card,0
ORD-10628,CUST-3833,2023-07-27,Books,5,14.74,73.7,bank_transfer,0
ORD-10629,CUST-4614,2023-07-28,Beauty,1,6.0,6.0,paypal,0
ORD-10630,CUST-1246,2023-07-29,Electronics,1,104.15,104.15,paypal,0
ORD-10631,CUST-3906,2023-07-30,Sports,3,107.5,322.5,credit_card,0
ORD-10632,CUST-4210,2023-07-31,Home & Garden,2,75.81,151.62,credit_card,0
ORD-10633,CUST-2404,2023-08-01,Home & Garden,1,38.53,38.53,paypal,0
ORD-10634,CUST-3984,2023-08-02,Clothing,2,23.77,47.54,paypal,0
ORD-10635,CUST-2974,2023-08-03,Clothing,4,47.2,188.8,debit_card,0
ORD-10636,CUST-3632,2023-08-04,Home & Garden,1,37.62,37.62,paypal,0
ORD-10637,CUST-2559,2023-08-05,Electronics,1,217.49,217.49,paypal,0
ORD-10638,CUST-1708,2023-08-06,Home & Garden,3,62.66,187.98,paypal,0
ORD-10639,CUST-4314,2023-08-07,Books,2,16.48,32.96,debit_card,0
ORD-10640,CUST-1865,2023-08-07,Home & Garden,5,52.25,261.25,credit_card,0
ORD-10641,CUST-1750,2023-08-08,Electronics,1,198.94,198.94,debit_card,0
ORD-10642,CUST-4544,2023-08-09,Clothing,4,55.94,223.76,credit_card,0
ORD-10643,CUST-4745,2023-08-10,Home & Garden,1,81.06,81.06,paypal,0
ORD-10644,CUST-3437,2023-08-11,Books,2,23.59,47.18,debit_card,0
ORD-10645,CUST-3321,2023-08-12,Beauty,3,38.84,116.52,debit_card,0
ORD-10646,CUST-2443,2023-08-13,Home & Garden,1,44.01,44.01,credit_card,0
ORD-10647,CUST-3447,2023-08-14,Books,1,15.57,15.57,paypal,0
ORD-10648,CUST-3436,2023-08-15,Electronics,2,151.58,303.16,credit_card,0
ORD-10649,CUST-3067,2023-08-16,Beauty,3,73.04,219.12,credit_card,0
ORD-10650,CUST-3620,2023-08-17,Clothing,1,25.33,25.33,debit_card,0
ORD-10651,CUST-3217,2023-08-17,Clothing,3,45.78,137.34,debit_card,0
ORD-10652,CUST-4516,2023-08-18,Clothing,1,57.16,57.16,credit_card,0
ORD-10653,CUST-3670,2023-08-19,Electronics,1,158.16,158.16,bank_transfer,0
ORD-10654,CUST-2540,2023-08-20,Sports,1,128.66,128.66,credit_card,0
ORD-10655,CUST-3620,2023-08-21,Clothing,4,48.21,192.84,debit_card,0
ORD-10656,CUST-1920,2023-08-22,Clothing,1,49.84,49.84,debit_card,0
ORD-10657,CUST-1856,2023-08-23,Electronics,2,238.65,477.3,debit_card,0
ORD-10658,CUST-4307,2023-08-24,Beauty,1,68.97,68.97,debit_card,0
ORD-10659,CUST-3329,2023-08-25,Sports,4,140.67,562.68,bank_transfer,0
ORD-10660,CUST-1214,2023-08-26,Beauty,2,37.81,75.62,paypal,0
ORD-10661,CUST-2418,2023-08-27,Beauty,1,39.21,39.21,credit_card,0
ORD-10662,CUST-4936,2023-08-28,Beauty,1,40.75,40.75,credit_card,0
ORD-10663,CUST-3548,2023-08-28,Home & Garden,1,79.41,79.41,debit_card,1
ORD-10664,CUST-4474,2023-08-29,Electronics,1,118.99,118.99,credit_card,0
ORD-10665,CUST-3191,2023-08-30,Clothing,3,75.61,226.83,debit_card,0
ORD-10666,CUST-1170,2023-08-31,Clothing,2,59.55,119.1,credit_card,0
ORD-10667,CUST-1718,2023-09-01,Sports,1,88.39,88.39,debit_card,0
ORD-10668,CUST-1368,2023-09-02,Electronics,2,88.48,176.96,paypal,0
ORD-10669,CUST-3938,2023-09-03,Electronics,1,184.48,184.48,debit_card,0
ORD-10670,CUST-4026,2023-09-04,Books,1,5.34,5.34,bank_transfer,0
ORD-10671,CUST-2828,2023-09-05,Electronics,1,138.12,138.12,credit_card,1
ORD-10672,CUST-3897,2023-09-06,Electronics,1,139.46,139.46,paypal,0
ORD-10673,CUST-3205,2023-09-07,Electronics,2,200.66,401.32,credit_card,0
ORD-10674,CUST-3959,2023-09-07,Sports,1,157.67,157.67,debit_card,0
ORD-10675,CUST-3690,2023-09-08,Electronics,2,221.18,442.36,debit_card,0
ORD-10676,CUST-2822,2023-09-09,Electronics,1,284.28,284.28,credit_card,0
ORD-10677,CUST-3611,2023-09-10,Clothing,2,69.19,138.38,credit_card,0
ORD-10678,CUST-2274,2023-09-11,Sports,1,130.5,130.5,credit_card,0
ORD-10679,CUST-3995,2023-09-12,Electronics,1,313.71,313.71,credit_card,0
ORD-10680,CUST-4654,2023-09-13,Electronics,1,127.31,127.31,debit_card,0
ORD-10681,CUST-1827,2023-09-14,Beauty,1,27.25,27.25,credit_card,0
ORD-10682,CUST-3668,2023-09-15,Beauty,1,50.7,50.7,bank_transfer,0
ORD-10683,CUST-1441,2023-09-16,Electronics,1,179.74,179.74,bank_transfer,0
ORD-10684,CUST-2509,2023-09-17,Clothing,2,59.85,119.7,debit_card,1
ORD-10685,CUST-3676,2023-09-17,Electronics,1,162.1,162.1,paypal,0
ORD-10686,CUST-2109,2023-09-18,Sports,2,68.53,137.06,credit_card,0
ORD-10687,CUST-1943,2023-09-19,Clothing,2,90.66,181.32,debit_card,0
ORD-10688,CUST-2535,2023-09-20,Beauty,1,22.4,22.4,paypal,0
ORD-10689,CUST-1458,2023-09-21,Sports,2,114.71,229.42,bank_transfer,0
ORD-10690,CUST-3501,2023-09-22,Books,1,26.61,26.61,credit_card,0
ORD-10691,CUST-1524,2023-09-23,Electronics,2,66.31,132.62,credit_card,0
ORD-10692,CUST-2332,2023-09-24,Beauty,2,26.71,53.42,bank_transfer,0
ORD-10693,CUST-2251,2023-09-25,Sports,2,66.14,132.28,debit_card,0
ORD-10694,CUST-4871,2023-09-26,Sports,1,110.33,110.33,credit_card,0
ORD-10695,CUST-4967,2023-09-27,Electronics,2,153.57,307.14,paypal,0
ORD-10696,CUST-1317,2023-09-28,Sports,1,86.92,86.92,credit_card,0
ORD-10697,CUST-1629,2023-09-28,Sports,1,37.52,37.52,paypal,0
ORD-10698,CUST-3928,2023-09-29,Beauty,1,77.21,77.21,credit_card,0
ORD-10699,CUST-2194,2023-09-30,Books,1,22.63,22.63,credit_card,0
ORD-10700,CUST-3576,2023-10-01,Home & Garden,2,89.97,179.94,credit_card,0
ORD-10701,CUST-4682,2023-10-02,Home & Garden,3,58.78,176.34,credit_card,0
ORD-10702,CUST-1651,2023-10-03,Sports,1,66.51,66.51,credit_card,0
ORD-10703,CUST-4853,2023-10-04,Beauty,2,70.6,141.2,credit_card,0
ORD-10704,CUST-1209,2023-10-05,Books,2,5.13,10.26,credit_card,0
ORD-10705,CUST-1915,2023-10-06,Clothing,4,61.13,244.52,paypal,1
ORD-10706,CUST-3030,2023-10-07,Electronics,2,92.77,185.54,paypal,0
ORD-10707,CUST-4521,2023-10-08,Books,1,18.44,18.44,paypal,0
ORD-10708,CUST-3215,2023-10-08,Beauty,1,29.79,29.79,credit_card,1
ORD-10709,CUST-1555,2023-10-09,Electronics,2,109.01,218.02,credit_card,0
ORD-10710,CUST-1995,2023-10-10,Clothing,1,55.78,55.78,debit_card,0
ORD-10711,CUST-4046,2023-10-11,Beauty,4,5.0,20.0,debit_card,0
ORD-10712,CUST-3246,2023-10-12,Home & Garden,4,65.54,262.16,bank_transfer,1
ORD-10713,CUST-1052,2023-10-13,Clothing,4,53.01,212.04,bank_transfer,0
ORD-10714,CUST-3006,2023-10-14,Clothing,1,25.1,25.1,paypal,1
ORD-10715,CUST-2626,2023-10-15,Clothing,2,88.29,176.58,debit_card,0
ORD-10716,CUST-1002,2023-10-16,Electronics,2,137.2,274.4,credit_card,0
ORD-10717,CUST-1989,2023-10-17,Books,1,19.91,19.91,debit_card,0
ORD-10718,CUST-4741,2023-10-18,Books,1,16.79,16.79,bank_transfer,1
ORD-10719,CUST-3816,2023-10-19,Books,1,21.28,21.28,debit_card,0
ORD-10720,CUST-1283,2023-10-19,Books,1,33.51,33.51,credit_card,0
ORD-10721,CUST-1064,2023-10-20,Electronics,4,358.06,1432.24,credit_card,0
ORD-10722,CUST-2383,2023-10-21,Electronics,3,233.69,701.07,credit_card,0
ORD-10723,CUST-2859,2023-10-22,Electronics,1,258.34,258.34,credit_card,0
ORD-10724,CUST-2813,2023-10-23,Electronics,1,303.58,303.58,debit_card,0
ORD-10725,CUST-3786,2023-10-24,Sports,1,98.96,98.96,paypal,1
ORD-10726,CUST-1693,2023-10-25,Electronics,1,293.06,293.06,credit_card,0
ORD-10727,CUST-1186,2023-10-26,Books,1,28.97,28.97,paypal,0
ORD-10728,CUST-3690,2023-10-27,Electronics,2,190.37,380.74,credit_card,0
ORD-10729,CUST-4589,2023-10-28,Electronics,2,205.22,410.44,paypal,0
ORD-10730,CUST-1670,2023-10-29,Electronics,3,48.86,146.58,credit_card,0
ORD-10731,CUST-2444,2023-10-29,Home & Garden,3,83.76,251.28,paypal,0
ORD-10732,CUST-3506,2023-10-30,Books,1,8.42,8.42,paypal,0
ORD-10733,CUST-1661,2023-10-31,Sports,2,31.49,62.98,paypal,0
ORD-10734,CUST-4439,2023-11-01,Electronics,1,193.89,193.89,debit_card,0
ORD-10735,CUST-1901,2023-11-02,Books,1,12.2,12.2,credit_card,0
ORD-10736,CUST-3130,2023-11-03,Sports,1,89.74,89.74,paypal,0
ORD-10737,CUST-2355,2023-11-04,Clothing,1,58.05,58.05,credit_card,0
ORD-10738,CUST-3669,2023-11-05,Electronics,1,193.18,193.18,paypal,0
ORD-10739,CUST-1793,2023-11-06,Electronics,1,114.9,114.9,paypal,0
ORD-10740,CUST-1392,2023-11-07,Electronics,1,244.71,244.71,paypal,0
ORD-10741,CUST-3042,2023-11-08,Beauty,4,38.57,154.28,debit_card,0
ORD-10742,CUST-4460,2023-11-08,Clothing,1,64.7,64.7,credit_card,0
ORD-10743,CUST-3531,2023-11-09,Home & Garden,1,39.11,39.11,debit_card,0
ORD-10744,CUST-4022,2023-11-10,Sports,5,83.58,417.9,credit_card,1
ORD-10745,CUST-2733,2023-11-11,Clothing,2,79.14,158.28,paypal,1
ORD-10746,CUST-1560,2023-11-12,Books,1,30.54,30.54,debit_card,0
ORD-10747,CUST-2708,2023-11-13,Electronics,4,122.59,490.36,paypal,0
ORD-10748,CUST-4949,2023-11-14,Home & Garden,1,58.63,58.63,debit_card,0
ORD-10749,CUST-4126,2023-11-15,Electronics,1,108.81,108.81,debit_card,1
ORD-10750,CUST-3814,2023-11-16,Clothing,1,40.56,40.56,credit_card,0
ORD-10751,CUST-2204,2023-11-17,Clothing,1,24.22,24.22,bank_transfer,0
ORD-10752,CUST-3398,2023-11-18,Sports,2,85.03,170.06,bank_transfer,0
ORD-10753,CUST-3491,2023-11-19,Books,1,27.57,27.57,credit_card,0
ORD-10754,CUST-3616,2023-11-19,Sports,2,61.74,123.48,credit_card,0
ORD-10755,CUST-4571,2023-11-20,Electronics,2,173.48,346.96,credit_card,0
ORD-10756,CUST-3726,2023-11-21,Beauty,5,36.47,182.35,debit_card,0
ORD-10757,CUST-1886,2023-11-22,Electronics,1,255.97,255.97,bank_transfer,0
ORD-10758,CUST-1886,2023-11-23,Sports,1,67.98,67.98,debit_card,0
ORD-10759,CUST-3479,2023-11-24,Sports,4,69.29,277.16,credit_card,0
ORD-10760,CUST-4464,2023-11-25,Books,2,14.56,29.12,credit_card,0
ORD-10761,CUST-4791,2023-11-26,Home & Garden,1,40.87,40.87,paypal,0
ORD-10762,CUST-3438,2023-11-27,Sports,1,109.05,109.05,credit_card,0
ORD-10763,CUST-3119,2023-11-28,Sports,2,85.14,170.28,credit_card,0
ORD-10764,CUST-4264,2023-11-29,Electronics,2,183.95,367.9,credit_card,0
ORD-10765,CUST-4907,2023-11-29,Sports,2,135.89,271.78,credit_card,0
ORD-10766,CUST-1111,2023-11-30,Electronics,3,275.91,827.73,credit_card,0
ORD-10767,CUST-2240,2023-12-01,Home & Garden,1,25.61,25.61,debit_card,0
ORD-10768,CUST-2335,2023-12-02,Books,1,27.7,27.7,credit_card,0
ORD-10769,CUST-3257,2023-12-03,Sports,2,98.12,196.24,credit_card,0
ORD-10770,CUST-2179,2023-12-04,Home & Garden,3,61.15,183.45,paypal,0
ORD-10771,CUST-2244,2023-12-05,Clothing,1,62.21,62.21,bank_transfer,0
ORD-10772,CUST-1097,2023-12-06,Home & Garden,2,23.21,46.42,debit_card,1
ORD-10773,CUST-1014,2023-12-07,Clothing,1,87.18,87.18,paypal,0
ORD-10774,CUST-2799,2023-12-08,Home & Garden,1,90.45,90.45,paypal,0
ORD-10775,CUST-4989,2023-12-09,Home & Garden,3,49.04,147.12,paypal,0
ORD-10776,CUST-2182,2023-12-10,Sports,1,68.93,68.93,paypal,0
ORD-10777,CUST-1960,2023-12-10,Clothing,1,17.53,17.53,paypal,0
ORD-10778,CUST-2057,2023-12-11,Electronics,2,157.4,314.8,paypal,0
ORD-10779,CUST-4892,2023-12-12,Home & Garden,1,60.52,60.52,credit_card,0
ORD-10780,CUST-3655,2023-12-13,Electronics,1,84.59,84.59,credit_card,0
ORD-10781,CUST-3612,2023-12-14,Clothing,2,72.09,144.18,credit_card,0
ORD-10782,CUST-1757,2023-12-15,Clothing,1,83.09,83.09,credit_card,0
ORD-10783,CUST-4615,2023-12-16,Home & Garden,2,74.18,148.36,credit_card,0
ORD-10784,CUST-1786,2023-12-17,Clothing,1,48.28,48.28,paypal,0
ORD-10785,CUST-4868,2023-12-18,Home & Garden,1,88.05,88.05,paypal,1
ORD-10786,CUST-4809,2023-12-19,Beauty,2,39.69,79.38,credit_card,0
ORD-10787,CUST-3271,2023-12-20,Home & Garden,1,42.53,42.53,credit_card,0
ORD-10788,CUST-4472,2023-12-20,Clothing,3,40.64,121.92,credit_card,0
ORD-10789,CUST-4998,2023-12-21,Electronics,4,158.66,634.64,paypal,0
ORD-10790,CUST-3321,2023-12-22,Electronics,3,197.87,593.61,credit_card,0
ORD-10791,CUST-4069,2023-12-23,Home & Garden,1,75.28,75.28,credit_card,0
ORD-10792,CUST-3362,2023-12-24,Books,1,23.85,23.85,credit_card,0
ORD-10793,CUST-3095,2023-12-25,Electronics,3,70.21,210.63,paypal,0
ORD-10794,CUST-2338,2023-12-26,Electronics,1,227.9,227.9,credit_card,0
ORD-10795,CUST-3619,2023-12-27,Clothing,2,55.08,110.16,paypal,0
ORD-10796,CUST-2069,2023-12-28,Clothing,3,111.16,333.48,paypal,0
ORD-10797,CUST-1777,2023-12-29,Beauty,1,33.8,33.8,bank_transfer,0
ORD-10798,CUST-2101,2023-12-30,Electronics,1,203.29,203.29,paypal,0
ORD-10799,CUST-1044,2023-12-31,Electronics,2,383.7,767.4,credit_card,0
